Arrival Date,Arrivals (Metric Tonnes),Variety,Minimum Price (Rs./Quintal),Maximum Price (Rs./Quintal),Modal Price (Rs./Quintal)
Market Name : Ahmednagar APMC
01/08/2024,3703.3,Other,600.0,2800.0,2200.0
03/08/2024,3014.9,Other,700.0,2900.0,2300.0
05/08/2024,3197.1,Other,600.0,2900.0,2250.0
08/08/2024,3384.3,Other,600.0,3100.0,2550.0
10/08/2024,3310.7,Other,1000.0,3500.0,2750.0
12/08/2024,4596.5,Other,1000.0,3500.0,2850.0
17/08/2024,3560.6,Other,1000.0,3500.0,2900.0
19/08/2024,3019.4,Other,800.0,3500.0,3000.0
22/08/2024,3580.6,Other,1500.0,4300.0,3800.0
26/08/2024,3608.2,Other,1500.0,4000.0,3600.0
29/08/2024,3554.0,Other,1400.0,4000.0,3400.0
31/08/2024,2764.7,Other,1400.0,3800.0,3200.0
Market Name : Akluj APMC
02/08/2024,43.0,Red,600.0,3100.0,2100.0
04/08/2024,41.0,Red,500.0,3000.0,2200.0
07/08/2024,28.0,Red,500.0,3000.0,2100.0
09/08/2024,19.5,Red,500.0,3000.0,1800.0
11/08/2024,30.0,Red,1000.0,4000.0,3200.0
14/08/2024,29.7,Other,1500.0,5300.0,3500.0
16/08/2024,30.5,Other,800.0,4000.0,2800.0
21/08/2024,26.0,Other,1500.0,4000.0,2800.0
23/08/2024,28.5,Other,1500.0,5500.0,3500.0
25/08/2024,41.0,Red,1500.0,4500.0,3500.0
28/08/2024,28.0,Other,1500.0,4500.0,3200.0
30/08/2024,29.5,Other,1800.0,4600.0,3500.0
Market Name : Akola APMC
01/08/2024,30.2,Other,1800.0,2800.0,2400.0
02/08/2024,18.0,Other,1800.0,2800.0,2400.0
03/08/2024,40.5,Other,1800.0,2800.0,2400.0
05/08/2024,41.4,Other,2000.0,3000.0,2500.0
06/08/2024,16.0,Other,1800.0,3100.0,2500.0
07/08/2024,9.1,Other,1800.0,3100.0,2500.0
08/08/2024,15.2,Other,2500.0,3200.0,2800.0
10/08/2024,49.2,Other,2500.0,3800.0,3000.0
12/08/2024,33.0,Other,2000.0,4000.0,3500.0
13/08/2024,45.0,Other,2500.0,4000.0,3500.0
14/08/2024,20.8,Other,2500.0,4000.0,3500.0
17/08/2024,2.5,Other,2500.0,4000.0,3500.0
21/08/2024,6.0,Other,2000.0,4200.0,3600.0
23/08/2024,41.5,Other,2000.0,4300.0,3700.0
24/08/2024,54.8,Other,2000.0,4500.0,3800.0
26/08/2024,33.3,Other,2500.0,4500.0,3800.0
27/08/2024,30.0,Other,2500.0,4500.0,3500.0
28/08/2024,29.0,Other,2500.0,4500.0,3500.0
29/08/2024,39.0,Other,2500.0,4500.0,3800.0
30/08/2024,65.0,Other,3500.0,4500.0,3800.0
31/08/2024,20.0,Other,1500.0,4200.0,3500.0
Market Name : Akole APMC
01/08/2024,78.8,Other,800.0,2900.0,2601.0
06/08/2024,85.9,Other,800.0,3051.0,2686.0
08/08/2024,120.3,Other,800.0,3300.0,2811.0
11/08/2024,121.6,Other,1500.0,3851.0,3261.0
22/08/2024,119.3,Other,1800.0,4421.0,4021.0
25/08/2024,162.0,Other,1900.0,4201.0,3700.0
27/08/2024,64.2,Other,1100.0,4001.0,3600.0
29/08/2024,81.5,Other,1100.0,4001.0,3501.0
Market Name : Amrawati(Frui & Veg. Market) APMC
02/08/2024,7.8,Local,2800.0,3400.0,3100.0
03/08/2024,10.0,Local,3000.0,3600.0,3300.0
04/08/2024,7.0,Local,3000.0,3600.0,3300.0
05/08/2024,6.0,Local,3200.0,3800.0,3500.0
06/08/2024,4.9,Local,3400.0,3800.0,3600.0
07/08/2024,18.0,Local,3200.0,4000.0,3600.0
,,Red,2600.0,3000.0,2800.0
09/08/2024,12.0,Red,2400.0,3000.0,2700.0
10/08/2024,6.0,Local,3000.0,3800.0,3400.0
11/08/2024,12.0,Red,2200.0,3000.0,2600.0
12/08/2024,0.3,Red,2500.0,3500.0,3000.0
13/08/2024,21.0,Red,2400.0,2800.0,2600.0
14/08/2024,18.9,Red,2300.0,2700.0,2500.0
16/08/2024,21.0,Local,2000.0,2500.0,2250.0
17/08/2024,24.9,Red,2200.0,2600.0,2400.0
20/08/2024,30.9,Red,2000.0,2600.0,2300.0
21/08/2024,28.8,Red,2000.0,2700.0,2350.0
23/08/2024,30.9,Red,2500.0,3600.0,3050.0
24/08/2024,0.3,Red,3200.0,4600.0,3900.0
25/08/2024,12.0,Red,3500.0,5000.0,4250.0
26/08/2024,24.0,Red,3200.0,4800.0,4000.0
27/08/2024,30.9,Red,3500.0,5000.0,4250.0
28/08/2024,36.9,Red,3200.0,4800.0,4000.0
30/08/2024,27.0,Red,3000.0,5500.0,4250.0
31/08/2024,21.9,Red,3200.0,5200.0,4200.0
Market Name : Ausa APMC
02/08/2024,0.1,Local,300.0,300.0,300.0
04/08/2024,0.9,Local,120.0,300.0,232.0
06/08/2024,0.2,Local,2500.0,2500.0,2500.0
Market Name : Baramati APMC
03/08/2024,56.6,Red,800.0,3000.0,2200.0
05/08/2024,49.6,Red,500.0,2900.0,2200.0
07/08/2024,58.0,Red,300.0,2950.0,2200.0
10/08/2024,45.6,Red,700.0,3400.0,2400.0
12/08/2024,30.7,Red,1000.0,3700.0,2600.0
14/08/2024,48.2,Red,1100.0,3800.0,3000.0
17/08/2024,47.5,Red,1000.0,3610.0,2600.0
19/08/2024,39.3,Red,1000.0,3600.0,2600.0
21/08/2024,33.5,Red,800.0,3500.0,2600.0
24/08/2024,35.6,Red,1000.0,4350.0,3000.0
26/08/2024,40.4,Red,1000.0,4300.0,3200.0
28/08/2024,51.0,Red,1000.0,4600.0,3450.0
31/08/2024,56.5,Red,700.0,4500.0,3400.0
Market Name : Bhusaval APMC
01/08/2024,1.2,Red,1800.0,2200.0,2000.0
02/08/2024,0.4,Red,2000.0,2200.0,2100.0
03/08/2024,0.5,Red,2000.0,2500.0,2300.0
04/08/2024,1.4,Red,1800.0,2500.0,2300.0
06/08/2024,1.0,Red,2000.0,2500.0,2200.0
07/08/2024,0.6,Red,2500.0,3000.0,2700.0
08/08/2024,0.8,Red,2200.0,3000.0,2500.0
09/08/2024,0.4,Red,2500.0,3000.0,3000.0
10/08/2024,0.2,Red,2500.0,3000.0,3000.0
11/08/2024,0.6,Red,2300.0,3000.0,2500.0
13/08/2024,0.3,Red,2500.0,3000.0,3000.0
14/08/2024,0.2,Red,2500.0,3000.0,3000.0
15/08/2024,0.2,Red,3000.0,3200.0,3200.0
17/08/2024,0.2,Red,2700.0,2700.0,2700.0
18/08/2024,1.6,Red,2500.0,3000.0,2700.0
20/08/2024,0.5,Red,3000.0,3500.0,3500.0
21/08/2024,0.3,Red,3000.0,3500.0,3500.0
22/08/2024,0.2,Red,3300.0,3300.0,3300.0
23/08/2024,0.6,Red,2500.0,3300.0,3300.0
24/08/2024,0.3,Red,3000.0,3300.0,3300.0
25/08/2024,0.2,Red,3000.0,3500.0,3500.0
27/08/2024,0.1,Red,3500.0,3500.0,3500.0
28/08/2024,0.4,Red,3000.0,3500.0,3500.0
29/08/2024,0.7,Red,3000.0,3500.0,3300.0
30/08/2024,1.5,Red,3000.0,3500.0,3300.0
31/08/2024,1.1,Red,3000.0,3500.0,3300.0
Market Name : Chandrapur(Ganjwad) APMC
01/08/2024,54.3,Other,3000.0,4000.0,3500.0
03/08/2024,60.2,Other,3000.0,4250.0,3750.0
05/08/2024,57.0,Other,3000.0,4000.0,3500.0
06/08/2024,82.8,Other,3000.0,3750.0,3250.0
09/08/2024,14.6,Other,2500.0,4000.0,3000.0
10/08/2024,56.4,Other,3000.0,5000.0,4000.0
12/08/2024,39.6,Other,2750.0,4750.0,3500.0
13/08/2024,43.9,Other,2800.0,5000.0,4000.0
16/08/2024,62.9,Other,2845.0,4500.0,3750.0
17/08/2024,62.9,Other,2800.0,4500.0,3750.0
19/08/2024,41.1,Other,3000.0,4750.0,3750.0
20/08/2024,56.6,Other,3000.0,4750.0,3750.0
23/08/2024,35.0,Other,3000.0,4100.0,3500.0
24/08/2024,12.8,Other,3000.0,4250.0,3500.0
29/08/2024,31.4,Other,3500.0,6000.0,4250.0
30/08/2024,29.3,Other,3500.0,5500.0,4250.0
31/08/2024,65.0,Other,3500.0,5500.0,4250.0
Market Name : Chandvad APMC
01/08/2024,408.3,Other,1012.0,2816.0,2680.0
02/08/2024,408.3,Other,1012.0,2816.0,2680.0
03/08/2024,241.4,Other,1700.0,2801.0,2700.0
05/08/2024,248.9,Other,1314.0,2890.0,2780.0
06/08/2024,335.9,Other,1550.0,2963.0,2890.0
07/08/2024,342.1,Other,1550.0,3190.0,3030.0
08/08/2024,220.0,Other,1800.0,3200.0,3140.0
09/08/2024,349.0,Other,1570.0,3190.0,3050.0
10/08/2024,285.0,Other,1500.0,3595.0,3400.0
12/08/2024,270.0,Other,2054.0,3620.0,3450.0
14/08/2024,320.0,Other,1652.0,3411.0,3150.0
16/08/2024,270.0,Other,1331.0,3470.0,3300.0
17/08/2024,220.0,Other,1211.0,3476.0,3200.0
20/08/2024,240.0,Other,1451.0,3558.0,3380.0
22/08/2024,520.0,Other,1675.0,3870.0,3650.0
23/08/2024,680.5,Other,1352.0,3950.0,3780.0
24/08/2024,428.2,Other,2101.0,3836.0,3750.0
26/08/2024,280.0,Other,2201.0,3885.0,3750.0
27/08/2024,2520.0,Other,1575.0,4200.0,3900.0
28/08/2024,441.5,Other,1690.0,4101.0,3880.0
29/08/2024,463.7,Other,1611.0,3975.0,3700.0
30/08/2024,447.0,Other,1000.0,3699.0,3400.0
31/08/2024,220.0,Other,1313.0,3796.0,3600.0
Market Name : Chattrapati Sambhajinagar APMC
01/08/2024,507.0,Other,600.0,2750.0,1675.0
03/08/2024,221.3,Other,1000.0,2800.0,1900.0
04/08/2024,675.0,Other,600.0,2700.0,1650.0
05/08/2024,173.1,Other,700.0,2800.0,1750.0
06/08/2024,93.7,Other,500.0,2800.0,1650.0
07/08/2024,64.0,Other,500.0,2850.0,1675.0
08/08/2024,687.5,Other,1000.0,2900.0,1950.0
10/08/2024,59.3,Other,1500.0,3000.0,2250.0
11/08/2024,471.0,Other,1300.0,2900.0,2100.0
12/08/2024,54.3,Other,1300.0,3400.0,2350.0
13/08/2024,87.3,Other,1500.0,3500.0,2500.0
14/08/2024,69.3,Other,2200.0,3400.0,2800.0
17/08/2024,79.3,Other,1150.0,3450.0,2300.0
19/08/2024,73.5,Other,1400.0,3500.0,2450.0
20/08/2024,66.9,Other,2000.0,3500.0,2750.0
21/08/2024,59.0,Other,2000.0,3500.0,2750.0
22/08/2024,275.4,Other,1200.0,3600.0,2400.0
24/08/2024,63.2,Other,2000.0,3750.0,2875.0
25/08/2024,253.7,Other,2200.0,4100.0,3150.0
26/08/2024,215.1,Other,2000.0,4000.0,3000.0
27/08/2024,194.2,Other,2500.0,4000.0,3250.0
28/08/2024,81.5,Other,1600.0,4100.0,2850.0
29/08/2024,791.9,Other,1500.0,3700.0,2600.0
31/08/2024,157.2,Other,1400.0,3750.0,2575.0
Market Name : Devala APMC
01/08/2024,575.0,Other,1200.0,2900.0,2750.0
02/08/2024,675.7,Other,1050.0,2885.0,2750.0
06/08/2024,726.1,Other,1000.0,2980.0,2850.0
07/08/2024,717.5,Other,1100.0,3155.0,2980.0
08/08/2024,898.0,Other,1250.0,3165.0,2975.0
09/08/2024,505.2,Other,1200.0,3415.0,3200.0
14/08/2024,930.0,Other,1100.0,3430.0,3225.0
20/08/2024,554.0,Other,1350.0,3505.0,3350.0
21/08/2024,525.0,Other,1700.0,3850.0,3725.0
22/08/2024,842.9,Other,1500.0,4000.0,3650.0
23/08/2024,868.8,Other,1350.0,3930.0,3750.0
26/08/2024,561.5,Other,1400.0,4000.0,3825.0
27/08/2024,630.0,Other,1500.0,3950.0,3725.0
28/08/2024,541.2,Other,1500.0,3950.0,3750.0
29/08/2024,662.7,Other,1000.0,3615.0,3450.0
30/08/2024,631.8,Other,1000.0,3800.0,3500.0
Market Name : Dharashiv APMC
02/08/2024,0.7,Red,2500.0,3500.0,3000.0
03/08/2024,0.5,Red,2325.0,3500.0,2910.0
04/08/2024,3.1,Red,950.0,3500.0,2250.0
06/08/2024,1.3,Red,2400.0,3500.0,2950.0
07/08/2024,0.5,Red,2400.0,2400.0,2400.0
09/08/2024,1.9,Red,2400.0,3500.0,2950.0
11/08/2024,3.0,Red,2000.0,3400.0,2700.0
13/08/2024,1.3,Red,2000.0,3800.0,2900.0
16/08/2024,3.5,Red,2200.0,4000.0,3100.0
17/08/2024,2.6,Red,2000.0,3500.0,2750.0
22/08/2024,1.7,Red,3500.0,3800.0,3650.0
23/08/2024,0.7,Red,2100.0,4300.0,3200.0
24/08/2024,1.0,Red,3500.0,4500.0,4000.0
27/08/2024,5.5,Red,2000.0,4500.0,3250.0
28/08/2024,1.0,Red,4000.0,4500.0,4250.0
29/08/2024,1.0,Red,3400.0,4200.0,3800.0
30/08/2024,1.8,Red,3200.0,4500.0,3850.0
31/08/2024,2.3,Red,2900.0,4300.0,3600.0
Market Name : Dhule APMC
01/08/2024,69.5,Red,100.0,2750.0,2180.0
02/08/2024,29.3,Red,100.0,2750.0,2500.0
06/08/2024,52.4,Red,300.0,2900.0,2200.0
07/08/2024,48.5,Red,800.0,3030.0,2400.0
08/08/2024,65.0,Red,600.0,3200.0,3000.0
09/08/2024,34.0,Red,900.0,3260.0,2600.0
10/08/2024,13.2,Red,900.0,3260.0,2600.0
12/08/2024,32.4,Red,1050.0,3510.0,3250.0
13/08/2024,21.2,Red,1050.0,3510.0,3250.0
14/08/2024,2.1,Red,900.0,4100.0,3540.0
16/08/2024,38.3,Red,500.0,3700.0,3200.0
20/08/2024,41.4,Red,500.0,3700.0,3200.0
21/08/2024,47.7,Red,300.0,3600.0,3350.0
22/08/2024,42.5,Red,700.0,3800.0,3550.0
23/08/2024,46.0,Red,800.0,3750.0,3200.0
26/08/2024,52.5,Red,500.0,3550.0,3100.0
28/08/2024,0.3,Red,4140.0,4140.0,4140.0
29/08/2024,44.0,Red,1000.0,3750.0,3500.0
30/08/2024,48.1,Red,500.0,3650.0,3200.0
31/08/2024,70.7,Red,500.0,3650.0,3200.0
Market Name : Dindori APMC
01/08/2024,10.0,Other,2500.0,2727.0,2650.0
03/08/2024,9.3,Other,2422.0,2856.0,2600.0
05/08/2024,11.0,Other,2405.0,2980.0,2771.0
06/08/2024,6.7,Other,2600.0,2900.0,2800.0
08/08/2024,10.3,Other,2677.0,3122.0,2955.0
09/08/2024,6.0,Other,2600.0,3240.0,3000.0
10/08/2024,7.2,Other,3000.0,3460.0,3270.0
16/08/2024,13.9,Other,3150.0,3340.0,3150.0
22/08/2024,7.7,Other,3000.0,4030.0,3690.0
Market Name : Dindori(Vani) APMC
01/08/2024,395.4,Other,2650.0,3082.0,2901.0
03/08/2024,153.0,Other,2534.0,3076.0,2861.0
05/08/2024,285.0,Other,2505.0,3080.0,2871.0
06/08/2024,301.0,Other,2600.0,3131.0,2901.0
08/08/2024,444.3,Other,2775.0,3311.0,3075.0
09/08/2024,213.8,Other,2821.0,3550.0,3301.0
22/08/2024,467.2,Other,3005.0,4100.0,3701.0
27/08/2024,218.8,Other,3000.0,3875.0,3650.0
28/08/2024,239.7,Other,3150.0,3955.0,3760.0
29/08/2024,350.0,Other,2836.0,3800.0,3501.0
Market Name : Gangapur APMC
01/08/2024,212.0,Other,1000.0,2800.0,2670.0
02/08/2024,301.7,Other,1215.0,2780.0,2640.0
03/08/2024,156.9,Other,500.0,2900.0,2480.0
05/08/2024,294.8,Other,1620.0,2800.0,2598.0
06/08/2024,240.8,Other,1000.0,2885.0,2570.0
07/08/2024,214.5,Other,1205.0,3105.0,2950.0
08/08/2024,269.6,Other,1510.0,3220.0,3040.0
09/08/2024,328.6,Other,1500.0,3200.0,2309.0
10/08/2024,102.1,Other,1000.0,3200.0,2459.0
23/08/2024,296.9,Other,1160.0,4130.0,3590.0
24/08/2024,88.2,Other,1000.0,4055.0,3450.0
26/08/2024,195.6,Other,1765.0,4130.0,3658.0
30/08/2024,475.9,Other,1100.0,3780.0,3250.0
31/08/2024,190.1,Other,1200.0,3700.0,3000.0
Market Name : Hingna APMC
01/08/2024,0.4,White,3800.0,3800.0,3800.0
,,Red,2800.0,2800.0,2800.0
02/08/2024,0.1,Red,4000.0,4000.0,4000.0
05/08/2024,1.5,Red,1600.0,3500.0,2680.0
06/08/2024,0.1,Red,2800.0,4000.0,3400.0
07/08/2024,0.1,Red,2900.0,2900.0,2900.0
08/08/2024,0.2,Red,2700.0,3000.0,2850.0
14/08/2024,0.1,Red,3500.0,3500.0,3500.0
17/08/2024,0.4,Red,3000.0,3600.0,3300.0
,,White,3000.0,3000.0,3000.0
19/08/2024,0.2,Red,3400.0,4000.0,3700.0
20/08/2024,0.3,Red,3000.0,4500.0,3566.0
22/08/2024,0.3,Red,3000.0,3400.0,3200.0
23/08/2024,1.0,Red,2800.0,2800.0,2800.0
26/08/2024,0.2,Red,3700.0,5000.0,4350.0
27/08/2024,1.3,Red,2200.0,4000.0,2200.0
28/08/2024,0.3,Red,3500.0,5000.0,4333.0
31/08/2024,0.1,Red,4400.0,4400.0,4400.0
Market Name : Indapur APMC
19/08/2024,9.8,Red,700.0,3300.0,2500.0
23/08/2024,5.1,Red,1175.0,3500.0,2800.0
26/08/2024,2.8,Red,750.0,3500.0,2800.0
Market Name : Islampur APMC
01/08/2024,2.5,Local,1500.0,3000.0,2200.0
02/08/2024,2.5,Local,2000.0,3000.0,2550.0
04/08/2024,2.5,Local,2000.0,3000.0,2550.0
06/08/2024,2.0,Local,2000.0,3000.0,2550.0
08/08/2024,2.5,Local,2500.0,3000.0,2750.0
09/08/2024,0.5,Local,2000.0,3000.0,2550.0
Market Name : Jalana APMC
08/08/2024,72.2,Other,600.0,3500.0,1500.0
17/08/2024,63.5,Other,600.0,3400.0,1400.0
22/08/2024,84.2,Other,600.0,3400.0,1300.0
24/08/2024,67.1,Other,600.0,4200.0,1400.0
28/08/2024,124.3,Other,700.0,3500.0,1300.0
Market Name : Jalgaon APMC
01/08/2024,20.0,Red,750.0,2887.0,1750.0
02/08/2024,41.9,Red,900.0,3000.0,1927.0
03/08/2024,46.1,Red,777.0,3012.0,1912.0
05/08/2024,28.2,Red,562.0,2927.0,1750.0
06/08/2024,36.7,Red,627.0,2877.0,1750.0
07/08/2024,36.7,Red,627.0,2877.0,1750.0
08/08/2024,24.6,Red,1100.0,3277.0,2152.0
09/08/2024,22.2,Red,750.0,3500.0,2127.0
10/08/2024,59.0,Red,1000.0,3377.0,2252.0
12/08/2024,42.5,Red,1300.0,3500.0,2250.0
14/08/2024,43.1,Red,1377.0,3750.0,2575.0
17/08/2024,73.4,Red,887.0,3500.0,2162.0
21/08/2024,34.4,Red,1152.0,3750.0,2377.0
22/08/2024,44.9,Red,582.0,3750.0,2250.0
23/08/2024,62.2,Red,975.0,4040.0,2002.0
24/08/2024,37.8,Red,1027.0,4040.0,2500.0
26/08/2024,27.7,Red,1000.0,4175.0,2625.0
28/08/2024,41.1,Red,1500.0,4127.0,2825.0
29/08/2024,24.4,Red,752.0,4195.0,2500.0
30/08/2024,63.7,Red,1500.0,4127.0,2500.0
31/08/2024,65.7,Red,1127.0,3750.0,2750.0
Market Name : Jamkhed APMC
01/08/2024,3.5,Local,2000.0,2800.0,2400.0
03/08/2024,21.4,Local,500.0,2850.0,1675.0
08/08/2024,15.0,Local,500.0,3000.0,1750.0
10/08/2024,11.9,Local,1000.0,3500.0,2250.0
13/08/2024,7.5,Local,1000.0,4000.0,2500.0
17/08/2024,2.9,Local,1500.0,3500.0,2500.0
20/08/2024,3.8,Local,1000.0,3500.0,2250.0
24/08/2024,7.5,Local,1100.0,4100.0,2600.0
27/08/2024,4.9,Local,1000.0,4000.0,2500.0
29/08/2024,1.7,Local,1300.0,3500.0,2400.0
31/08/2024,4.1,Local,1000.0,3500.0,2250.0
Market Name : Junnar APMC
04/08/2024,461.2,Other,1500.0,3250.0,2900.0
08/08/2024,451.4,Other,1500.0,3410.0,2800.0
29/08/2024,910.5,Other,2000.0,4510.0,4100.0
Market Name : Junnar(Alephata) APMC
06/08/2024,554.4,Other,1000.0,3310.0,1800.0
09/08/2024,647.7,Other,1000.0,3410.0,2100.0
11/08/2024,597.0,Other,1100.0,4110.0,3000.0
13/08/2024,1255.6,Other,1800.0,3710.0,2900.0
16/08/2024,1102.3,Other,1500.0,3710.0,2800.0
18/08/2024,873.1,Other,1500.0,3710.0,2800.0
20/08/2024,712.2,Other,1500.0,3710.0,2800.0
23/08/2024,1096.5,Other,2000.0,4500.0,3400.0
25/08/2024,1124.1,Other,2300.0,4300.0,3500.0
30/08/2024,1106.7,Other,1200.0,4010.0,3250.0
Market Name : Junnar(Narayangaon) APMC
01/08/2024,2.0,Other,500.0,2900.0,2000.0
02/08/2024,2.2,Other,500.0,2800.0,1500.0
03/08/2024,2.2,Other,1000.0,3200.0,2500.0
04/08/2024,2.4,Other,700.0,2800.0,2000.0
05/08/2024,2.4,Other,1500.0,3210.0,2500.0
08/08/2024,2.4,Other,600.0,3000.0,2500.0
09/08/2024,1.8,Other,1510.0,3300.0,2500.0
10/08/2024,4.6,Other,500.0,3500.0,2500.0
11/08/2024,1.8,Other,800.0,3210.0,2500.0
12/08/2024,1.5,Other,1510.0,3800.0,2500.0
15/08/2024,2.5,Other,1100.0,3700.0,3000.0
16/08/2024,2.8,Other,1000.0,3900.0,2500.0
18/08/2024,1.4,Other,1200.0,3500.0,2500.0
22/08/2024,1.5,Other,500.0,4000.0,2500.0
23/08/2024,1.5,Other,1600.0,4000.0,3000.0
25/08/2024,3.0,Other,1200.0,4000.0,3000.0
26/08/2024,1.5,Other,2000.0,4000.0,3000.0
29/08/2024,2.5,Other,1600.0,3850.0,2500.0
30/08/2024,2.2,Other,1500.0,3900.0,2500.0
31/08/2024,3.8,Other,1200.0,4000.0,3000.0
Market Name : Junnar(Otur) APMC
01/08/2024,730.6,Other,1000.0,3100.0,2500.0
04/08/2024,621.6,Other,1500.0,3010.0,2400.0
08/08/2024,882.0,Other,1000.0,3300.0,2500.0
11/08/2024,776.4,Other,1400.0,4000.0,3000.0
18/08/2024,1405.6,Other,1800.0,3700.0,3200.0
23/08/2024,1348.4,Other,1500.0,4510.0,3000.0
25/08/2024,1639.0,Other,1500.0,4510.0,3800.0
29/08/2024,1933.8,Other,1000.0,4200.0,3000.0
Market Name : Kalvan APMC
01/08/2024,1555.0,Other,1000.0,3030.0,2611.0
02/08/2024,710.0,Other,1200.0,3000.0,2650.0
05/08/2024,1590.0,Other,1200.0,3155.0,2701.0
06/08/2024,1465.0,Other,1150.0,3270.0,2750.0
07/08/2024,725.0,Other,1400.0,3425.0,2901.0
08/08/2024,1960.0,Other,1300.0,3485.0,2900.0
09/08/2024,605.0,Other,1500.0,3350.0,2950.0
12/08/2024,2185.0,Other,1500.0,3800.0,3250.0
14/08/2024,2210.0,Other,1700.0,3590.0,3150.0
16/08/2024,620.0,Other,1800.0,3525.0,3000.0
21/08/2024,645.0,Other,1500.0,4145.0,3800.0
22/08/2024,2210.0,Other,1700.0,4280.0,3700.0
23/08/2024,1265.0,Other,1500.0,4200.0,3701.0
24/08/2024,1122.5,Other,1800.0,4195.0,3750.0
26/08/2024,1835.0,Other,2100.0,4375.0,3800.0
27/08/2024,1995.0,Other,1800.0,4355.0,3700.0
28/08/2024,1340.0,Other,1600.0,4275.0,3701.0
29/08/2024,1170.0,Other,1800.0,3865.0,3500.0
30/08/2024,1055.0,Other,1500.0,3850.0,3401.0
31/08/2024,835.0,Other,1700.0,4300.0,3700.0
Market Name : Kalyan APMC
01/08/2024,0.3,1st Sort,2200.0,3000.0,2800.0
02/08/2024,11.3,1st Sort,2200.0,3000.0,2800.0
03/08/2024,0.3,1st Sort,2000.0,3000.0,2950.0
05/08/2024,0.3,1st Sort,2900.0,3000.0,2950.0
06/08/2024,0.3,1st Sort,2800.0,3000.0,2900.0
07/08/2024,0.3,1st Sort,2800.0,3000.0,2900.0
08/08/2024,0.3,1st Sort,3000.0,3100.0,3050.0
09/08/2024,0.3,1st Sort,3000.0,3100.0,3050.0
11/08/2024,0.3,1st Sort,2800.0,3300.0,3050.0
12/08/2024,0.3,1st Sort,3100.0,3500.0,3300.0
13/08/2024,0.3,1st Sort,3100.0,3500.0,3300.0
14/08/2024,0.3,1st Sort,3200.0,3500.0,3300.0
16/08/2024,0.3,1st Sort,3200.0,3600.0,3400.0
19/08/2024,0.3,1st Sort,3000.0,3500.0,3300.0
20/08/2024,0.3,1st Sort,3000.0,3400.0,3200.0
21/08/2024,0.3,1st Sort,3400.0,3500.0,3450.0
22/08/2024,0.3,1st Sort,3250.0,3400.0,3350.0
23/08/2024,0.3,1st Sort,3700.0,4000.0,3750.0
25/08/2024,0.3,1st Sort,3800.0,4000.0,3900.0
26/08/2024,0.3,1st Sort,3500.0,4000.0,3750.0
28/08/2024,0.3,1st Sort,3800.0,4000.0,3900.0
29/08/2024,0.3,1st Sort,3500.0,4000.0,3750.0
30/08/2024,0.3,1st Sort,3500.0,4000.0,3750.0
Market Name : Kamthi APMC
01/08/2024,0.7,Local,3500.0,4500.0,4000.0
02/08/2024,1.8,Local,3500.0,4500.0,4000.0
04/08/2024,0.6,Local,3500.0,4500.0,4000.0
05/08/2024,0.8,Local,3500.0,4500.0,4000.0
06/08/2024,0.4,Local,3500.0,4500.0,4000.0
07/08/2024,0.5,Local,3500.0,4500.0,4000.0
08/08/2024,2.2,Local,3500.0,4500.0,4000.0
09/08/2024,0.8,Local,3500.0,4500.0,4000.0
11/08/2024,2.6,Local,3500.0,4500.0,4000.0
14/08/2024,1.4,Local,3500.0,4500.0,4000.0
21/08/2024,1.4,Local,3500.0,4500.0,4000.0
22/08/2024,0.4,Local,3500.0,4500.0,4000.0
23/08/2024,1.8,Local,3500.0,4500.0,4000.0
24/08/2024,0.6,Local,3000.0,4000.0,3500.0
25/08/2024,1.5,Local,3500.0,4500.0,4000.0
26/08/2024,1.0,Local,3500.0,4500.0,4000.0
27/08/2024,1.0,Local,3500.0,4500.0,4000.0
28/08/2024,0.8,Local,3500.0,4500.0,4000.0
29/08/2024,1.6,Local,3500.0,4500.0,4000.0
Market Name : Karad APMC
01/08/2024,15.0,Other,1000.0,3000.0,3000.0
03/08/2024,17.4,Other,1000.0,3000.0,3000.0
04/08/2024,9.9,Other,1000.0,3000.0,3000.0
05/08/2024,19.8,Other,1000.0,3000.0,3000.0
06/08/2024,19.8,Other,1000.0,3000.0,3000.0
07/08/2024,9.9,Other,1000.0,3500.0,3500.0
10/08/2024,17.4,Other,1000.0,3000.0,3000.0
11/08/2024,15.0,Other,1500.0,3300.0,3300.0
12/08/2024,12.3,Other,1500.0,3300.0,3300.0
13/08/2024,19.8,Other,1500.0,3600.0,3600.0
14/08/2024,17.4,Other,1500.0,3600.0,3600.0
20/08/2024,15.0,Other,3000.0,3500.0,3500.0
21/08/2024,4.8,Other,3000.0,3500.0,3500.0
22/08/2024,9.9,Other,3000.0,4000.0,4000.0
25/08/2024,17.4,Other,3000.0,3400.0,3400.0
26/08/2024,9.9,Other,3000.0,3500.0,3500.0
27/08/2024,9.9,Other,1500.0,4200.0,4200.0
28/08/2024,4.8,Other,2000.0,4200.0,4200.0
29/08/2024,9.9,Other,1500.0,4500.0,4500.0
31/08/2024,15.0,Other,3000.0,4000.0,4000.0
Market Name : Karjat APMC
03/08/2024,4.9,Local,500.0,2800.0,1700.0
04/08/2024,6.7,Local,500.0,2800.0,1700.0
06/08/2024,9.9,Local,500.0,2900.0,1700.0
08/08/2024,13.0,Local,500.0,2900.0,1700.0
10/08/2024,10.8,Local,500.0,2800.0,1700.0
11/08/2024,8.4,Local,500.0,2700.0,1600.0
22/08/2024,6.0,Local,1500.0,4000.0,3000.0
23/08/2024,7.5,Local,1500.0,4000.0,3000.0
24/08/2024,1.5,Local,1600.0,4000.0,3000.0
25/08/2024,2.1,Local,2000.0,4000.0,3500.0
27/08/2024,4.4,Local,1500.0,4000.0,3000.0
30/08/2024,4.6,Local,2000.0,4000.0,3000.0
31/08/2024,0.5,Local,2500.0,2500.0,2500.0
Market Name : Khed(Chakan) APMC
01/08/2024,40.0,Other,2000.0,3000.0,2500.0
02/08/2024,36.0,Other,2000.0,3000.0,2500.0
03/08/2024,110.0,Other,2000.0,3000.0,2500.0
04/08/2024,50.0,Other,2000.0,3000.0,2500.0
06/08/2024,60.0,Other,2000.0,3000.0,2500.0
07/08/2024,75.0,Other,2000.0,3000.0,2500.0
08/08/2024,35.0,Other,2000.0,3000.0,2500.0
10/08/2024,100.0,Other,2000.0,3350.0,2700.0
11/08/2024,50.0,Other,2000.0,3000.0,2500.0
14/08/2024,100.0,Other,2500.0,3500.0,2900.0
16/08/2024,50.0,Other,2000.0,3500.0,2800.0
20/08/2024,60.0,Other,2500.0,3500.0,3000.0
21/08/2024,100.0,Other,2500.0,3500.0,3000.0
22/08/2024,40.0,Other,2500.0,3500.0,3000.0
23/08/2024,40.0,Other,2500.0,3500.0,3000.0
24/08/2024,125.0,Other,3000.0,4200.0,3500.0
25/08/2024,40.0,Other,3000.0,4000.0,3500.0
27/08/2024,45.0,Other,3000.0,4000.0,3500.0
28/08/2024,125.0,Other,3000.0,4000.0,3500.0
29/08/2024,40.0,Other,3000.0,4000.0,3500.0
30/08/2024,45.0,Other,3000.0,4000.0,3500.0
31/08/2024,130.0,Other,3000.0,4000.0,3500.0
Market Name : Kolhapur APMC
01/08/2024,371.0,Other,1000.0,3200.0,2200.0
02/08/2024,395.9,Other,1000.0,3300.0,2300.0
03/08/2024,401.9,Other,1000.0,3300.0,2300.0
05/08/2024,396.0,Other,1000.0,3200.0,2200.0
06/08/2024,286.4,Other,1000.0,3100.0,2100.0
07/08/2024,527.8,Other,1000.0,3100.0,2200.0
08/08/2024,421.3,Other,1000.0,3200.0,2200.0
09/08/2024,468.9,Other,1000.0,3300.0,2200.0
10/08/2024,458.3,Other,1200.0,3500.0,2400.0
12/08/2024,564.2,Other,1200.0,3700.0,2500.0
13/08/2024,360.5,Other,1200.0,3800.0,2500.0
14/08/2024,567.9,Other,1200.0,3900.0,2600.0
16/08/2024,428.8,Other,1200.0,4200.0,2800.0
17/08/2024,539.0,Other,1200.0,3800.0,2500.0
19/08/2024,252.9,Other,1200.0,3700.0,2500.0
20/08/2024,116.4,Other,1200.0,3800.0,2500.0
21/08/2024,300.3,Other,1500.0,4500.0,3000.0
22/08/2024,346.6,Other,1500.0,4500.0,3000.0
23/08/2024,469.9,Other,1500.0,4500.0,3200.0
24/08/2024,594.3,Other,1500.0,4500.0,3200.0
26/08/2024,321.0,Other,1500.0,4400.0,3200.0
27/08/2024,4.7,Other,1500.0,4000.0,3000.0
28/08/2024,388.9,Other,1500.0,4500.0,3200.0
29/08/2024,325.8,Other,1500.0,4400.0,3200.0
30/08/2024,368.3,Other,1500.0,4300.0,3000.0
31/08/2024,572.1,Other,1500.0,4200.0,3000.0
Market Name : Kopargaon APMC
01/08/2024,731.2,Other,1000.0,2841.0,2690.0
02/08/2024,876.4,Other,1000.0,2801.0,2695.0
03/08/2024,905.6,Other,1000.0,2821.0,2675.0
06/08/2024,814.4,Other,1000.0,2969.0,2740.0
07/08/2024,937.6,Other,1000.0,3400.0,2950.0
08/08/2024,64.3,Other,1000.0,3132.0,2950.0
09/08/2024,680.0,Other,1500.0,3272.0,3050.0
10/08/2024,992.0,Other,1000.0,3400.0,3250.0
13/08/2024,1028.8,Other,1000.0,3535.0,3250.0
14/08/2024,833.6,Other,1000.0,3594.0,3250.0
16/08/2024,726.4,Other,1000.0,3400.0,3150.0
17/08/2024,710.4,Other,1000.0,3500.0,3225.0
20/08/2024,492.8,Other,1000.0,3696.0,3450.0
21/08/2024,721.6,Other,1000.0,3852.0,3675.0
22/08/2024,862.4,Other,1000.0,4100.0,3850.0
23/08/2024,728.0,Other,1500.0,4169.0,3850.0
24/08/2024,428.8,Other,1000.0,4001.0,3750.0
27/08/2024,787.2,Other,1000.0,4000.0,3700.0
28/08/2024,938.6,Other,1000.0,3981.0,3700.0
29/08/2024,852.8,Other,1000.0,3860.0,3550.0
30/08/2024,635.2,Other,1000.0,3637.0,3400.0
31/08/2024,648.0,Other,1000.0,3900.0,3650.0
Market Name : Kurdwadi(Modnimb) APMC
01/08/2024,0.9,Red,300.0,3400.0,2500.0
05/08/2024,0.4,Red,1700.0,2800.0,2600.0
08/08/2024,0.3,Red,1300.0,1300.0,1300.0
22/08/2024,0.5,Red,1600.0,3600.0,2800.0
Market Name : Lasalgaon APMC
01/08/2024,887.0,Other,1000.0,2911.0,2700.0
02/08/2024,942.0,Other,1064.0,2903.0,2675.0
03/08/2024,622.6,Other,1000.0,2872.0,2725.0
05/08/2024,705.6,Other,1000.0,2952.0,2851.0
06/08/2024,859.4,Other,1196.0,3020.0,2900.0
07/08/2024,980.4,Other,1400.0,3151.0,2990.0
08/08/2024,940.2,Other,1410.0,3202.0,3020.0
09/08/2024,940.2,Other,1410.0,3202.0,3020.0
10/08/2024,673.0,Other,1951.0,3368.0,3300.0
12/08/2024,1183.8,Other,1400.0,3550.0,3390.0
14/08/2024,1237.4,Other,1100.0,3422.0,3300.0
16/08/2024,888.6,Other,1101.0,3417.0,3250.0
17/08/2024,692.2,Other,1200.0,3435.0,3300.0
20/08/2024,266.4,Other,1600.0,3542.0,3460.0
21/08/2024,692.2,Other,1582.0,3800.0,3700.0
22/08/2024,895.6,Other,1210.0,3858.0,3750.0
23/08/2024,1444.2,Other,1900.0,4090.0,3850.0
24/08/2024,915.6,Other,1200.0,3886.0,3700.0
26/08/2024,937.8,Other,1401.0,3892.0,3775.0
27/08/2024,711.6,Other,1411.0,3939.0,3800.0
28/08/2024,759.0,Other,1400.0,3851.0,3700.0
29/08/2024,821.6,Other,1552.0,3740.0,3580.0
30/08/2024,853.4,Other,1300.0,3735.0,3525.0
31/08/2024,587.4,Other,2000.0,3852.0,3750.0
Market Name : Lasalgaon(Niphad) APMC
01/08/2024,587.5,Other,1500.0,2800.0,2700.0
02/08/2024,513.0,Other,1400.0,2821.0,2725.0
03/08/2024,489.5,Other,1600.0,2875.0,2751.0
04/08/2024,69.5,Other,1601.0,2921.0,2800.0
05/08/2024,424.0,Other,1400.0,3000.0,2900.0
06/08/2024,625.0,Other,1500.0,3000.0,2950.0
07/08/2024,807.5,Other,1500.0,3252.0,3100.0
08/08/2024,927.5,Other,1500.0,3400.0,3151.0
09/08/2024,589.5,Other,1500.0,3251.0,3151.0
10/08/2024,749.5,Other,1541.0,3500.0,3350.0
11/08/2024,207.4,Other,1800.0,3651.0,3450.0
12/08/2024,1336.5,Other,1500.0,4000.0,3500.0
16/08/2024,570.0,Other,1500.0,3401.0,3250.0
17/08/2024,645.0,Other,1501.0,3411.0,3275.0
18/08/2024,81.0,Other,1500.0,3400.0,3300.0
19/08/2024,240.0,Other,1700.0,3421.0,3311.0
20/08/2024,455.0,Other,1600.0,3600.0,3500.0
21/08/2024,661.5,Other,1500.0,3800.0,3700.0
22/08/2024,779.5,Other,1700.0,4000.0,3735.0
23/08/2024,650.0,Other,1500.0,3900.0,3800.0
24/08/2024,560.0,Other,2000.0,4100.0,3720.0
26/08/2024,477.5,Other,2600.0,4000.0,3800.0
27/08/2024,550.0,Other,2000.0,4000.0,3800.0
28/08/2024,520.0,Other,2000.0,3875.0,3700.0
29/08/2024,574.0,Other,1700.0,3750.0,3600.0
30/08/2024,522.6,Other,1700.0,3650.0,3500.0
31/08/2024,572.0,Other,1900.0,3900.0,3730.0
Market Name : Lasalgaon(Vinchur) APMC
01/08/2024,830.0,Other,1000.0,2800.0,2700.0
02/08/2024,850.0,Other,1000.0,2800.0,2700.0
03/08/2024,795.0,Other,1000.0,2800.0,2700.0
05/08/2024,690.0,Other,1100.0,2952.0,2850.0
06/08/2024,880.0,Other,1100.0,3000.0,2911.0
07/08/2024,978.0,Other,1100.0,3151.0,3000.0
08/08/2024,1396.0,Other,1500.0,3300.0,3100.0
09/08/2024,894.0,Other,1500.0,3252.0,3100.0
10/08/2024,960.0,Other,1800.0,3391.0,3300.0
12/08/2024,1385.0,Other,2000.0,3601.0,3450.0
14/08/2024,1340.0,Other,2000.0,3480.0,3300.0
16/08/2024,880.0,Other,2000.0,3377.0,3200.0
17/08/2024,840.0,Other,2000.0,3360.0,3250.0
19/08/2024,350.0,Other,1500.0,3351.0,3250.0
20/08/2024,600.0,Other,1500.0,3501.0,3400.0
21/08/2024,835.0,Other,2000.0,3800.0,3700.0
22/08/2024,965.0,Other,2000.0,4100.0,3725.0
27/08/2024,660.0,Other,2000.0,4100.0,3750.0
28/08/2024,580.0,Other,2000.0,4101.0,3700.0
29/08/2024,630.0,Other,1500.0,3811.0,3550.0
30/08/2024,430.0,Other,1500.0,3712.0,3450.0
31/08/2024,290.0,Other,1500.0,3800.0,3550.0
Market Name : Lasur Station APMC
01/08/2024,545.0,Other,1000.0,2760.0,2350.0
02/08/2024,588.0,Other,775.0,2805.0,2400.0
03/08/2024,565.0,Other,605.0,2785.0,2300.0
05/08/2024,550.0,Other,905.0,2805.0,2450.0
06/08/2024,510.0,Other,1000.0,2951.0,2625.0
07/08/2024,550.0,Other,1000.0,3157.0,2700.0
08/08/2024,585.0,Other,500.0,3230.0,2800.0
09/08/2024,520.0,Other,500.0,3260.0,2875.0
10/08/2024,650.0,Other,1300.0,3610.0,3050.0
14/08/2024,740.0,Other,500.0,3440.0,2875.0
22/08/2024,689.0,Other,1100.0,3917.0,3300.0
24/08/2024,540.0,Other,1000.0,4001.0,3350.0
26/08/2024,485.0,Other,1000.0,3905.0,3350.0
27/08/2024,470.0,Other,1100.0,4100.0,3400.0
28/08/2024,540.0,Other,1100.0,3945.0,3475.0
29/08/2024,590.0,Other,900.0,3801.0,3250.0
30/08/2024,460.0,Other,700.0,3675.0,3150.0
Market Name : Laxmi Sopan Agriculture Produce Marketing Co Ltd APMC
01/08/2024,0.7,Other,400.0,2600.0,1600.0
03/08/2024,2.6,Other,400.0,2500.0,1500.0
05/08/2024,2.7,Other,400.0,2400.0,1500.0
07/08/2024,2.2,Other,400.0,2500.0,1500.0
08/08/2024,0.8,Other,400.0,2600.0,1500.0
13/08/2024,0.5,Other,400.0,2650.0,1500.0
23/08/2024,0.6,Other,400.0,3200.0,1900.0
24/08/2024,2.0,Other,600.0,3700.0,2100.0
26/08/2024,0.8,Other,600.0,3700.0,2200.0
27/08/2024,0.4,Other,500.0,2500.0,1500.0
28/08/2024,2.1,Other,700.0,4250.0,2800.0
29/08/2024,1.3,Other,600.0,3800.0,2500.0
31/08/2024,0.6,Other,600.0,4000.0,2600.0
Market Name : Lonand APMC
05/08/2024,25.0,Red,800.0,2825.0,1900.0
08/08/2024,50.0,Red,800.0,3100.0,1900.0
22/08/2024,20.0,Red,1000.0,3900.0,2200.0
29/08/2024,24.0,Other,1500.0,4400.0,3800.0
Market Name : Malharshree Farmers Producer Co Ltd APMC
02/08/2024,47.8,Other,1095.0,2852.0,2355.0
05/08/2024,51.2,Other,1403.0,3012.0,2674.0
09/08/2024,88.9,Other,1899.0,3321.0,2854.0
12/08/2024,68.2,Other,1825.0,3610.0,2845.0
20/08/2024,21.9,Other,1647.0,3502.0,2944.0
22/08/2024,92.3,Other,2021.0,3800.0,3460.0
23/08/2024,112.8,Other,1850.0,3825.0,3460.0
27/08/2024,73.8,Other,2014.0,3851.0,3578.0
28/08/2024,71.0,Other,2802.0,3851.0,3412.0
30/08/2024,68.2,Other,1501.0,3551.0,3210.0
Market Name : Malkapur APMC
01/08/2024,23.0,Local,1300.0,3000.0,2300.0
06/08/2024,11.3,Local,2100.0,2800.0,2500.0
08/08/2024,9.5,Local,2000.0,3100.0,2300.0
13/08/2024,5.6,Local,2000.0,3500.0,2900.0
22/08/2024,11.4,Local,2700.0,4325.0,3800.0
Market Name : Manchar APMC
01/08/2024,901.8,Other,2200.0,3150.0,2680.0
04/08/2024,947.6,Other,2300.0,3150.0,2725.0
06/08/2024,1010.2,Other,2300.0,3300.0,2850.0
08/08/2024,1191.3,Other,2800.0,3600.0,3200.0
11/08/2024,1269.1,Other,3200.0,4210.0,3705.0
22/08/2024,1301.2,Other,3500.0,4710.0,4150.0
25/08/2024,1398.2,Other,3500.0,4510.0,4000.0
27/08/2024,1044.9,Other,2500.0,4510.0,3525.0
Market Name : Mangal Wedha APMC
02/08/2024,10.8,Local,1000.0,3100.0,2900.0
03/08/2024,0.1,Local,3100.0,3100.0,3100.0
04/08/2024,0.1,Local,2710.0,2710.0,2710.0
05/08/2024,15.8,Local,1520.0,3100.0,2800.0
07/08/2024,8.0,Local,1400.0,3200.0,2900.0
08/08/2024,0.1,Local,3000.0,3000.0,3000.0
09/08/2024,9.0,Local,1100.0,3300.0,2900.0
10/08/2024,0.1,Local,3000.0,3000.0,3000.0
12/08/2024,8.0,Local,1400.0,3700.0,3200.0
14/08/2024,4.3,Local,2300.0,4200.0,4000.0
16/08/2024,9.0,Local,2420.0,4140.0,3940.0
19/08/2024,13.9,Local,1900.0,4100.0,3800.0
21/08/2024,7.9,Local,2200.0,4200.0,3800.0
23/08/2024,8.0,Local,2000.0,4300.0,4000.0
26/08/2024,7.4,Local,2500.0,5000.0,4300.0
28/08/2024,8.5,Local,2800.0,4500.0,4000.0
30/08/2024,12.9,Local,1700.0,4500.0,4000.0
Market Name : Mankamneshwar Farmar Producer CoLtd Sanchalit Mank APMC
01/08/2024,68.23,Other,1400.0,2880.0,2635.64
02/08/2024,64.51,Other,1502.0,2850.0,2771.53
03/08/2024,68.28,Other,1700.0,2857.0,2749.1
05/08/2024,52.03,Other,1550.0,2971.0,2875.99
Market Name : Manmad APMC
01/08/2024,117.0,Other,500.0,2925.0,2600.0
02/08/2024,124.1,Other,895.0,2990.0,2650.0
03/08/2024,40.5,Other,800.0,2771.0,2650.0
05/08/2024,107.4,Other,1063.0,2840.0,2650.0
06/08/2024,123.2,Other,1070.0,3060.0,2850.0
07/08/2024,131.3,Other,920.0,3099.0,2900.0
08/08/2024,138.2,Other,1193.0,3160.0,3012.0
09/08/2024,79.0,Other,1255.0,3124.0,3000.0
10/08/2024,22.3,Other,2006.0,3355.0,3200.0
12/08/2024,120.0,Other,1500.0,3690.0,3500.0
14/08/2024,150.0,Other,1470.0,3402.0,3100.0
16/08/2024,80.0,Other,1301.0,3375.0,3200.0
17/08/2024,30.0,Other,1600.0,3268.0,3050.0
19/08/2024,20.0,Other,1400.0,3291.0,3025.0
20/08/2024,20.0,Other,1119.0,3572.0,3400.0
21/08/2024,70.0,Other,1908.0,3734.0,3550.0
22/08/2024,97.1,Other,2000.0,3760.0,3550.0
23/08/2024,160.2,Other,2000.0,3839.0,3700.0
24/08/2024,46.3,Other,1554.0,3814.0,3700.0
26/08/2024,100.0,Other,1906.0,3869.0,3700.0
27/08/2024,63.0,Other,1627.0,3800.0,3350.0
28/08/2024,66.8,Other,1460.0,3761.0,3500.0
29/08/2024,60.9,Other,1410.0,3700.0,3500.0
30/08/2024,81.2,Other,1300.0,3456.0,3269.0
31/08/2024,50.0,Other,1370.0,3480.0,2950.0
Market Name : Nagpur APMC
01/08/2024,242.0,White,2200.0,3200.0,2950.0
,,Red,2000.0,3000.0,2750.0
03/08/2024,178.0,White,2200.0,3200.0,2950.0
,,Red,2000.0,3000.0,2750.0
05/08/2024,336.0,White,2400.0,3400.0,3150.0
,,Red,2200.0,3200.0,3025.0
06/08/2024,255.0,Red,2200.0,3200.0,2950.0
,,White,2400.0,3400.0,3150.0
07/08/2024,336.0,Red,2200.0,3200.0,3150.0
,,White,2400.0,3400.0,3150.0
10/08/2024,168.0,White,2400.0,3400.0,3150.0
,,Red,2200.0,3200.0,2950.0
12/08/2024,280.0,Red,2500.0,3500.0,3250.0
,,White,2600.0,3600.0,3425.0
13/08/2024,322.0,Red,3000.0,4000.0,3750.0
,,White,3200.0,4200.0,3950.0
14/08/2024,300.0,White,3200.0,4200.0,3950.0
,,Red,3000.0,4000.0,3750.0
21/08/2024,168.0,Red,2800.0,3800.0,3550.0
,,White,3000.0,4000.0,3750.0
22/08/2024,100.0,Red,3000.0,4000.0,3750.0
24/08/2024,140.0,Red,3000.0,4000.0,3650.0
,,White,3200.0,4200.0,3950.0
26/08/2024,196.0,White,3500.0,4500.0,4250.0
,,Red,3200.0,4200.0,3950.0
29/08/2024,182.0,White,3500.0,4500.0,4250.0
,,Red,3200.0,4200.0,3950.0
31/08/2024,168.0,White,3200.0,4200.0,3950.0
,,Red,3000.0,4000.0,3750.0
Market Name : Nampur APMC
01/08/2024,438.0,Other,1200.0,2770.0,2600.0
02/08/2024,439.5,Other,1000.0,2860.0,2650.0
05/08/2024,385.5,Other,1300.0,3200.0,2800.0
06/08/2024,495.0,Other,1400.0,3000.0,2800.0
07/08/2024,600.0,Other,1400.0,3100.0,2800.0
08/08/2024,645.0,Other,1400.0,3100.0,2900.0
09/08/2024,666.0,Other,1300.0,3310.0,3000.0
12/08/2024,799.5,Other,1500.0,3600.0,3500.0
20/08/2024,561.0,Other,1500.0,3860.0,3450.0
22/08/2024,838.5,Other,1800.0,5151.0,3600.0
23/08/2024,649.5,Other,1800.0,4050.0,3700.0
24/08/2024,240.0,Other,1200.0,3900.0,3550.0
26/08/2024,337.5,Other,1500.0,3820.0,3500.0
27/08/2024,517.5,Other,1000.0,4000.0,3600.0
28/08/2024,684.0,Other,1500.0,3900.0,3700.0
29/08/2024,636.0,Other,1000.0,3605.0,3100.0
30/08/2024,471.0,Other,1000.0,4000.0,3200.0
Market Name : Nandgaon APMC
01/08/2024,394.6,Other,400.0,2811.0,2650.0
02/08/2024,602.2,Other,500.0,2701.0,2550.0
05/08/2024,406.0,Other,500.0,2912.0,2750.0
06/08/2024,397.5,Other,800.0,3000.0,2750.0
07/08/2024,454.7,Other,300.0,3101.0,2950.0
08/08/2024,463.8,Other,100.0,3351.0,3050.0
09/08/2024,302.3,Other,200.0,3400.0,3250.0
22/08/2024,478.7,Other,500.0,3891.0,3650.0
23/08/2024,541.6,Other,800.0,3902.0,3750.0
26/08/2024,146.0,Other,500.0,3800.0,3550.0
27/08/2024,362.5,Other,950.0,3952.0,3750.0
28/08/2024,386.7,Other,800.0,4000.0,3650.0
Market Name : Nandura APMC
06/08/2024,0.5,Other,350.0,600.0,500.0
Market Name : Nasik APMC
01/08/2024,190.6,Other,1000.0,2901.0,2450.0
02/08/2024,222.8,Other,1050.0,2950.0,2500.0
03/08/2024,251.4,Other,1100.0,2901.0,2450.0
05/08/2024,165.9,Other,950.0,2850.0,2400.0
06/08/2024,151.3,Other,900.0,2900.0,2600.0
07/08/2024,163.5,Other,1000.0,3050.0,2650.0
08/08/2024,145.4,Other,1200.0,3251.0,2750.0
09/08/2024,157.7,Other,1500.0,3300.0,2800.0
10/08/2024,223.6,Other,1800.0,3551.0,3350.0
12/08/2024,274.0,Other,2100.0,3751.0,3450.0
13/08/2024,183.2,Other,2200.0,3775.0,3500.0
14/08/2024,323.3,Other,2250.0,3600.0,3150.0
17/08/2024,269.5,Other,2100.0,3451.0,3100.0
20/08/2024,173.5,Other,2300.0,3600.0,2650.0
21/08/2024,209.6,Other,2700.0,4000.0,3400.0
22/08/2024,197.0,Other,2900.0,4100.0,3600.0
23/08/2024,223.3,Other,3000.0,4500.0,3850.0
24/08/2024,227.8,Other,3000.0,3900.0,3600.0
26/08/2024,220.0,Other,2800.0,3950.0,3650.0
27/08/2024,298.5,Other,2500.0,4000.0,3650.0
28/08/2024,169.5,Other,2400.0,3900.0,3600.0
29/08/2024,161.7,Other,3300.0,3800.0,3600.0
30/08/2024,162.3,Other,3000.0,3500.0,3400.0
31/08/2024,246.6,Other,2300.0,3650.0,3400.0
Market Name : Newasa(Ghodegaon) APMC
03/08/2024,2660.1,Other,1000.0,2900.0,2500.0
05/08/2024,2704.4,Other,1000.0,2900.0,2500.0
07/08/2024,2556.1,Other,1000.0,3100.0,2700.0
10/08/2024,2434.8,Other,1000.0,3400.0,3000.0
12/08/2024,3237.7,Other,1000.0,3500.0,3000.0
14/08/2024,2923.5,Other,1000.0,3600.0,3000.0
17/08/2024,2512.6,Other,1000.0,3500.0,3000.0
19/08/2024,1856.3,Other,1000.0,3600.0,3000.0
21/08/2024,2069.5,Other,1000.0,4000.0,3100.0
24/08/2024,2938.1,Other,1000.0,4000.0,3000.0
26/08/2024,2486.5,Other,1000.0,4100.0,3000.0
28/08/2024,2643.3,Other,1000.0,4000.0,3000.0
31/08/2024,2011.0,Other,1000.0,4000.0,3000.0
Market Name : Om Chaitanya Multistate Agro Purpose CoOp Society  APMC
02/08/2024,279.2,Other,500.0,3100.0,2600.0
04/08/2024,209.91,Other,500.0,3000.0,2600.0
06/08/2024,209.61,Other,500.0,3000.0,2700.0
09/08/2024,286.75,Other,500.0,3500.0,2900.0
11/08/2024,309.79,Other,800.0,3700.0,3100.0
13/08/2024,277.92,Other,1000.0,4000.0,3200.0
16/08/2024,274.48,Other,1000.0,3700.0,3000.0
18/08/2024,201.33,Other,1000.0,3600.0,3000.0
20/08/2024,136.45,Other,1000.0,3700.0,3200.0
23/08/2024,422.41,Other,1000.0,4500.0,3800.0
25/08/2024,236.59,Other,1000.0,4500.0,3700.0
27/08/2024,450.78,Other,1000.0,4500.0,3600.0
30/08/2024,442.81,Other,1000.0,4000.0,3200.0
Market Name : Paithan APMC
01/08/2024,37.6,Other,2025.0,2800.0,2600.0
02/08/2024,116.2,Other,1000.0,2900.0,1800.0
04/08/2024,108.9,Other,1000.0,2900.0,2200.0
09/08/2024,77.5,Other,1500.0,3400.0,2700.0
11/08/2024,115.6,Other,1200.0,3600.0,2500.0
22/08/2024,84.7,Other,1500.0,4000.0,3600.0
28/08/2024,112.4,Other,1800.0,4100.0,3000.0
Market Name : Parner APMC
02/08/2024,598.3,Other,1000.0,3000.0,2300.0
04/08/2024,677.5,Other,1000.0,3000.0,2450.0
07/08/2024,813.1,Other,1000.0,3300.0,2600.0
09/08/2024,677.9,Other,1000.0,3500.0,2575.0
11/08/2024,902.7,Other,1500.0,3700.0,2800.0
14/08/2024,1267.2,Other,1500.0,3600.0,2775.0
16/08/2024,705.2,Other,1500.0,3500.0,2800.0
18/08/2024,681.9,Other,1500.0,3600.0,2800.0
21/08/2024,491.1,Other,1500.0,4200.0,3500.0
23/08/2024,895.8,Other,1500.0,4500.0,3500.0
25/08/2024,766.5,Other,1500.0,4500.0,3550.0
28/08/2024,860.4,Other,1500.0,4200.0,3450.0
30/08/2024,601.9,Other,1000.0,4000.0,2950.0
Market Name : Pathardi APMC
02/08/2024,38.2,Red,700.0,3100.0,2500.0
04/08/2024,13.4,Red,1000.0,3000.0,2000.0
06/08/2024,29.0,Red,500.0,3400.0,2500.0
09/08/2024,47.6,Red,600.0,3300.0,2500.0
11/08/2024,40.8,Red,1000.0,4000.0,3000.0
23/08/2024,64.3,Red,800.0,4700.0,3000.0
25/08/2024,31.1,Red,800.0,4300.0,3500.0
27/08/2024,31.3,Red,1000.0,4200.0,3500.0
30/08/2024,28.3,Red,600.0,3700.0,3000.0
Market Name : Pimpalgaon APMC
01/08/2024,1142.0,Other,1400.0,3156.0,2700.0
02/08/2024,1274.5,Other,1400.0,3100.0,2700.0
03/08/2024,685.5,Other,1000.0,3001.0,2700.0
05/08/2024,803.8,Other,1300.0,3100.0,2850.0
06/08/2024,1071.4,Other,1500.0,3201.0,2900.0
07/08/2024,1207.6,Other,1700.0,3326.0,3050.0
08/08/2024,1359.7,Other,1500.0,3400.0,3080.0
09/08/2024,820.8,Other,1500.0,3385.0,3200.0
10/08/2024,773.5,Other,2000.0,3681.0,3375.0
12/08/2024,1800.0,Other,2000.0,3860.0,3500.0
14/08/2024,2340.0,Other,2000.0,3700.0,3300.0
16/08/2024,1789.1,Other,2200.0,3971.0,3250.0
17/08/2024,1469.0,Other,1300.0,4126.0,3280.0
20/08/2024,990.0,Other,1201.0,3751.0,3450.0
21/08/2024,1080.0,Other,2000.0,4100.0,3700.0
22/08/2024,1581.4,Other,1500.0,4160.0,3750.0
23/08/2024,1780.1,Other,2000.0,4170.0,3880.0
24/08/2024,1328.2,Other,1900.0,4057.0,3780.0
26/08/2024,1635.7,Other,2000.0,4171.0,3851.0
27/08/2024,948.1,Other,1700.0,4035.0,3801.0
28/08/2024,1314.1,Other,1700.0,4012.0,3800.0
29/08/2024,1383.7,Other,1600.0,4030.0,3550.0
30/08/2024,1302.9,Other,1500.0,3901.0,3501.0
31/08/2024,964.9,Other,1700.0,4007.0,3625.0
Market Name : Pimpalgaon Baswant(Saykheda) APMC
01/08/2024,168.7,Other,1601.0,2800.0,2600.0
02/08/2024,355.3,Other,1400.0,2800.0,2700.0
03/08/2024,284.6,Other,1400.0,2800.0,2650.0
05/08/2024,239.8,Other,1600.0,3100.0,2850.0
06/08/2024,335.5,Other,1651.0,3011.0,2900.0
07/08/2024,446.3,Other,1800.0,3200.0,2950.0
08/08/2024,278.5,Other,1900.0,4011.0,3100.0
09/08/2024,341.1,Other,2000.0,3301.0,3200.0
10/08/2024,428.6,Other,2000.0,3471.0,3360.0
12/08/2024,649.0,Other,2000.0,3537.0,3450.0
14/08/2024,643.1,Other,2500.0,3511.0,3240.0
16/08/2024,534.0,Other,2000.0,3420.0,3240.0
17/08/2024,434.0,Other,1800.0,3500.0,3240.0
20/08/2024,354.0,Other,2000.0,3600.0,3400.0
21/08/2024,314.0,Other,2500.0,3800.0,3650.0
22/08/2024,254.1,Other,2400.0,3801.0,3625.0
23/08/2024,570.0,Other,2675.0,4000.0,3760.0
24/08/2024,429.5,Other,2601.0,3911.0,3750.0
26/08/2024,365.7,Other,2551.0,3900.0,3730.0
27/08/2024,343.3,Other,2500.0,4000.0,3720.0
28/08/2024,375.1,Other,2300.0,3820.0,3700.0
29/08/2024,213.9,Other,2500.0,3608.0,3400.0
30/08/2024,403.2,Other,2500.0,3601.0,3450.0
31/08/2024,363.9,Other,2000.0,4000.0,3410.0
Market Name : Premium Krushi Utpanna Bazar  APMC
01/08/2024,11.8,Other,1200.0,2800.0,2000.0
Market Name : Pune APMC
01/08/2024,962.9,Local,1200.0,3000.0,2100.0
02/08/2024,1126.4,Local,1400.0,3000.0,2200.0
04/08/2024,909.3,Local,1400.0,3000.0,2200.0
05/08/2024,397.7,Local,1400.0,3000.0,2200.0
07/08/2024,956.4,Local,1400.0,3000.0,2200.0
08/08/2024,1037.9,Local,1500.0,3100.0,2300.0
09/08/2024,1146.3,Local,1600.0,3200.0,2400.0
11/08/2024,1271.8,Local,1800.0,3500.0,2650.0
12/08/2024,1384.9,Local,1800.0,3500.0,2650.0
13/08/2024,1278.3,Local,1800.0,3500.0,2650.0
14/08/2024,1291.7,Local,2000.0,3600.0,2800.0
18/08/2024,1193.5,Local,2000.0,3500.0,2750.0
20/08/2024,555.3,Local,2000.0,3500.0,2750.0
21/08/2024,688.5,Local,2000.0,3800.0,2900.0
22/08/2024,1031.3,Local,2800.0,4200.0,3500.0
23/08/2024,1693.4,Local,2800.0,4200.0,3500.0
25/08/2024,1589.6,Local,2400.0,4000.0,3200.0
26/08/2024,781.9,Local,2500.0,4000.0,3250.0
27/08/2024,999.9,Local,2500.0,4100.0,3300.0
28/08/2024,790.7,Local,2400.0,4000.0,3200.0
29/08/2024,981.1,Local,2500.0,4100.0,3300.0
30/08/2024,1139.2,Local,2600.0,4000.0,3300.0
Market Name : Pune(Khadiki) APMC
01/08/2024,0.5,Local,2200.0,2400.0,2300.0
02/08/2024,0.2,Local,2000.0,2300.0,2150.0
03/08/2024,1.4,Local,1700.0,2300.0,2000.0
04/08/2024,1.3,Local,1500.0,2700.0,2100.0
05/08/2024,1.3,Local,1700.0,2700.0,2200.0
06/08/2024,0.4,Local,1800.0,3700.0,2250.0
07/08/2024,2.0,Local,2000.0,2700.0,2350.0
08/08/2024,0.8,Local,1600.0,2800.0,2200.0
09/08/2024,1.7,Local,1700.0,2800.0,2250.0
11/08/2024,2.3,Local,1700.0,2900.0,2300.0
12/08/2024,0.3,Local,1500.0,2800.0,2150.0
13/08/2024,1.8,Local,1700.0,2800.0,2250.0
19/08/2024,2.9,Local,1200.0,2800.0,2000.0
20/08/2024,0.8,Local,1600.0,3200.0,2400.0
21/08/2024,0.5,Local,1300.0,3200.0,2250.0
23/08/2024,1.5,Local,1700.0,3200.0,2450.0
25/08/2024,0.9,Local,1700.0,3300.0,2500.0
26/08/2024,2.9,Local,1700.0,3200.0,2450.0
27/08/2024,0.4,Local,2000.0,3600.0,2800.0
29/08/2024,1.7,Local,1300.0,3200.0,2250.0
30/08/2024,0.4,Local,2200.0,3300.0,2750.0
31/08/2024,2.1,Local,1400.0,3800.0,2600.0
Market Name : Pune(Manjri) APMC
01/08/2024,6.0,Local,1700.0,2400.0,2000.0
02/08/2024,4.1,Local,1700.0,2400.0,2000.0
03/08/2024,6.6,Local,2000.0,3000.0,2600.0
04/08/2024,6.3,Local,2000.0,3000.0,2600.0
05/08/2024,6.9,Local,1700.0,3500.0,2200.0
06/08/2024,6.9,Local,1700.0,3100.0,2600.0
07/08/2024,7.9,Local,1300.0,2600.0,2200.0
08/08/2024,6.1,Local,1700.0,3300.0,2400.0
09/08/2024,5.5,Local,2200.0,3100.0,2600.0
10/08/2024,7.5,Local,2200.0,3300.0,2600.0
11/08/2024,7.0,Local,2200.0,3300.0,2600.0
12/08/2024,9.1,Local,2200.0,3300.0,2600.0
13/08/2024,7.1,Local,2200.0,3400.0,2600.0
14/08/2024,9.2,Local,2600.0,4000.0,3300.0
16/08/2024,7.5,Local,3100.0,4000.0,3500.0
17/08/2024,10.6,Local,1700.0,2600.0,2200.0
18/08/2024,11.9,Local,2200.0,3500.0,2800.0
19/08/2024,7.5,Local,2200.0,3500.0,2800.0
20/08/2024,7.7,Local,2000.0,3500.0,2800.0
21/08/2024,7.9,Local,2000.0,3200.0,2700.0
22/08/2024,12.2,Local,2000.0,4500.0,3200.0
24/08/2024,9.3,Local,2000.0,3400.0,2500.0
25/08/2024,7.8,Local,2600.0,4500.0,3500.0
26/08/2024,6.9,Local,2600.0,4500.0,3500.0
27/08/2024,6.5,Local,2000.0,3400.0,2500.0
28/08/2024,12.0,Local,3000.0,4800.0,4500.0
29/08/2024,7.8,Local,2500.0,4000.0,3500.0
30/08/2024,7.5,Local,3000.0,4800.0,4500.0
31/08/2024,6.2,Local,2000.0,5000.0,4500.0
Market Name : Pune(Moshi) APMC
01/08/2024,116.2,Local,1600.0,2800.0,2200.0
02/08/2024,38.9,Local,1500.0,3000.0,2250.0
03/08/2024,47.1,Local,1500.0,2800.0,2150.0
04/08/2024,39.2,Local,1700.0,2800.0,2250.0
05/08/2024,17.4,Local,2000.0,3000.0,2500.0
06/08/2024,30.5,Local,1800.0,2500.0,2150.0
08/08/2024,60.2,Local,1500.0,2800.0,2150.0
09/08/2024,48.0,Local,1500.0,3000.0,2250.0
10/08/2024,29.2,Local,2000.0,3000.0,2500.0
11/08/2024,35.9,Local,2000.0,3000.0,2500.0
12/08/2024,48.5,Local,2500.0,3000.0,2750.0
13/08/2024,48.5,Local,2000.0,3500.0,2750.0
16/08/2024,69.4,Local,3000.0,3500.0,3250.0
17/08/2024,61.2,Local,2000.0,3500.0,2750.0
18/08/2024,54.0,Local,2000.0,3500.0,2750.0
19/08/2024,41.8,Local,2000.0,3800.0,2900.0
20/08/2024,30.9,Local,2500.0,3500.0,3000.0
22/08/2024,56.5,Local,2000.0,3500.0,2750.0
23/08/2024,45.6,Local,2000.0,3500.0,2750.0
24/08/2024,55.6,Local,2000.0,3500.0,2750.0
25/08/2024,28.7,Local,2000.0,3500.0,2750.0
26/08/2024,39.4,Local,2000.0,3800.0,2900.0
27/08/2024,43.3,Local,2000.0,3600.0,2800.0
29/08/2024,69.7,Local,2000.0,4000.0,3000.0
30/08/2024,54.0,Local,1500.0,3500.0,2500.0
31/08/2024,38.3,Local,2000.0,3000.0,2500.0
Market Name : Pune(Pimpri) APMC
01/08/2024,1.7,Local,2400.0,3000.0,2700.0
02/08/2024,0.6,Local,2800.0,3000.0,2900.0
03/08/2024,0.6,Local,2200.0,2800.0,2500.0
04/08/2024,1.1,Local,1800.0,3000.0,2400.0
05/08/2024,0.6,Local,2700.0,2900.0,2800.0
06/08/2024,0.9,Local,2000.0,2800.0,2400.0
07/08/2024,0.4,Local,1200.0,3000.0,2100.0
08/08/2024,0.6,Local,2200.0,3000.0,2600.0
09/08/2024,0.6,Local,2200.0,3100.0,2650.0
10/08/2024,0.1,Local,2000.0,2000.0,2000.0
11/08/2024,1.3,Local,2000.0,3000.0,2500.0
12/08/2024,1.2,Local,2600.0,3400.0,3000.0
13/08/2024,0.7,Local,2600.0,3600.0,3100.0
14/08/2024,1.4,Local,2800.0,3800.0,3300.0
15/08/2024,1.2,Local,3500.0,3700.0,3600.0
16/08/2024,1.1,Local,2600.0,3700.0,3150.0
17/08/2024,1.3,Local,2600.0,3900.0,3750.0
18/08/2024,2.0,Local,2600.0,3800.0,3200.0
19/08/2024,0.3,Local,2000.0,3500.0,2750.0
20/08/2024,0.7,Local,3400.0,3800.0,3600.0
21/08/2024,0.5,Local,2000.0,3500.0,2750.0
22/08/2024,2.1,Local,2800.0,3500.0,3150.0
23/08/2024,1.6,Local,3000.0,3900.0,3450.0
24/08/2024,1.5,Local,2800.0,4200.0,3500.0
25/08/2024,1.2,Local,3500.0,4000.0,3750.0
26/08/2024,0.7,Local,4000.0,4000.0,4000.0
27/08/2024,0.4,Local,3000.0,3000.0,3000.0
28/08/2024,1.0,Local,4000.0,4000.0,4000.0
29/08/2024,2.3,Local,3600.0,4000.0,3800.0
30/08/2024,0.9,Local,3300.0,4000.0,3800.0
31/08/2024,1.4,Local,3500.0,4000.0,3750.0
Market Name : Rahata APMC
02/08/2024,491.7,Other,500.0,3100.0,2450.0
04/08/2024,441.1,Other,500.0,3100.0,2400.0
06/08/2024,409.7,Other,500.0,3200.0,2600.0
09/08/2024,403.7,Other,800.0,3600.0,2900.0
11/08/2024,369.2,Other,1000.0,3700.0,2700.0
13/08/2024,370.8,Other,1000.0,3700.0,3050.0
16/08/2024,328.5,Other,800.0,3600.0,3000.0
18/08/2024,238.0,Other,1000.0,3700.0,3200.0
20/08/2024,163.8,Other,1800.0,3800.0,3000.0
23/08/2024,321.9,Other,1500.0,5000.0,4000.0
25/08/2024,382.7,Other,500.0,4600.0,3400.0
27/08/2024,305.6,Other,500.0,4600.0,3500.0
30/08/2024,378.8,Other,1500.0,4150.0,3250.0
Market Name : Rahuri APMC
02/08/2024,2795.3,Other,200.0,3000.0,1600.0
06/08/2024,2528.8,Other,200.0,3100.0,1650.0
09/08/2024,2499.9,Other,500.0,3400.0,1950.0
23/08/2024,2720.3,Other,200.0,4100.0,2150.0
25/08/2024,1251.5,Other,200.0,4200.0,2200.0
27/08/2024,2174.2,Other,500.0,4200.0,2350.0
30/08/2024,2209.0,Other,500.0,3800.0,2150.0
Market Name : Rahuri(Vambori) APMC
01/08/2024,580.9,Other,300.0,2900.0,2300.0
03/08/2024,417.1,Other,300.0,2900.0,2300.0
05/08/2024,448.6,Other,500.0,3000.0,2400.0
08/08/2024,456.2,Other,500.0,3200.0,2700.0
10/08/2024,433.0,Other,500.0,3400.0,3000.0
12/08/2024,681.2,Other,500.0,3600.0,3100.0
15/08/2024,537.6,Other,500.0,3500.0,3000.0
17/08/2024,356.8,Other,500.0,3500.0,3000.0
19/08/2024,294.8,Other,500.0,3600.0,3200.0
22/08/2024,440.4,Other,1000.0,4300.0,3700.0
26/08/2024,555.9,Other,1000.0,4200.0,3700.0
29/08/2024,526.9,Other,500.0,4000.0,3200.0
31/08/2024,295.8,Other,500.0,4000.0,3200.0
Market Name : Ramtek APMC
01/08/2024,1.8,Other,4000.0,4200.0,4100.0
04/08/2024,1.4,Other,4000.0,4200.0,4100.0
06/08/2024,1.0,Other,4000.0,5000.0,4500.0
08/08/2024,1.4,Other,4000.0,4200.0,4100.0
22/08/2024,2.0,Other,1800.0,2000.0,1900.0
24/08/2024,0.8,Other,3500.0,4000.0,3900.0
25/08/2024,1.8,Other,3500.0,4000.0,3900.0
27/08/2024,1.0,Other,3000.0,3500.0,3300.0
28/08/2024,0.9,Other,2500.0,3500.0,3000.0
29/08/2024,2.0,Other,2500.0,3500.0,3000.0
31/08/2024,1.4,Other,3000.0,3700.0,3500.0
Market Name : Sakri APMC
02/08/2024,300.0,Red,1455.0,2650.0,2455.0
03/08/2024,411.0,Red,1400.0,2700.0,2600.0
05/08/2024,388.0,Red,1700.0,2700.0,2650.0
06/08/2024,405.0,Red,2000.0,3050.0,2750.0
07/08/2024,200.0,Red,1940.0,3125.0,2900.0
12/08/2024,300.0,Red,3300.0,3520.0,3425.0
13/08/2024,450.0,Red,2600.0,3550.0,3350.0
14/08/2024,500.0,Red,3000.0,3350.0,3250.0
16/08/2024,510.0,Red,1405.0,3290.0,2800.0
20/08/2024,425.0,Red,3100.0,3400.0,3200.0
21/08/2024,500.0,Red,2100.0,3975.0,3700.0
22/08/2024,451.0,Red,2205.0,3900.0,3650.0
23/08/2024,484.0,Red,3550.0,3900.0,3775.0
24/08/2024,495.0,Red,3400.0,3905.0,3700.0
26/08/2024,407.0,Red,3105.0,3765.0,3700.0
28/08/2024,450.0,Red,1200.0,3900.0,3300.0
29/08/2024,400.0,Red,1300.0,3695.0,2000.0
30/08/2024,385.0,Red,3000.0,3450.0,3250.0
31/08/2024,525.0,Red,2100.0,3650.0,3400.0
Market Name : Sangamner APMC
01/08/2024,273.9,Other,500.0,3000.0,1750.0
02/08/2024,345.9,Other,500.0,3000.0,1750.0
05/08/2024,281.9,Other,500.0,3051.0,1775.0
06/08/2024,266.6,Other,500.0,3131.0,1815.0
07/08/2024,258.2,Other,500.0,3232.0,1866.0
08/08/2024,286.4,Other,1000.0,3311.0,2155.0
09/08/2024,326.1,Other,1000.0,3600.0,2300.0
10/08/2024,7.8,Other,1000.0,3000.0,2000.0
12/08/2024,372.3,Other,1500.0,4000.0,2750.0
14/08/2024,328.0,Other,1500.0,4000.0,2750.0
16/08/2024,448.4,Other,1800.0,4000.0,2900.0
19/08/2024,195.1,Other,1500.0,3800.0,2650.0
21/08/2024,180.3,Other,2000.0,4311.0,3155.0
22/08/2024,307.7,Other,2000.0,4500.0,3250.0
23/08/2024,531.1,Other,1500.0,4511.0,3005.0
26/08/2024,392.8,Other,1000.0,4000.0,2500.0
27/08/2024,316.2,Other,1500.0,4100.0,2800.0
28/08/2024,262.5,Other,1500.0,4200.0,2850.0
29/08/2024,261.6,Other,1500.0,4200.0,2850.0
"Market Name : Sangli(Phale, Bhajipura Market) APMC"
01/08/2024,229.9,Local,800.0,3000.0,1900.0
02/08/2024,267.4,Local,1000.0,3000.0,2000.0
03/08/2024,451.7,Local,800.0,3000.0,1900.0
05/08/2024,265.0,Local,1100.0,3150.0,2125.0
06/08/2024,200.6,Local,1100.0,3050.0,2075.0
07/08/2024,429.8,Local,1100.0,3100.0,2100.0
08/08/2024,283.3,Local,1100.0,3100.0,2100.0
09/08/2024,268.8,Local,1100.0,3100.0,2100.0
10/08/2024,328.6,Local,1100.0,3500.0,2300.0
12/08/2024,254.1,Local,1500.0,3800.0,2650.0
14/08/2024,485.5,Local,1500.0,3700.0,2600.0
16/08/2024,303.2,Local,1200.0,3500.0,2350.0
17/08/2024,335.1,Local,1200.0,3600.0,2400.0
20/08/2024,92.0,Local,1500.0,4000.0,2750.0
21/08/2024,243.9,Local,1700.0,4250.0,2975.0
22/08/2024,293.0,Local,1500.0,4200.0,2850.0
23/08/2024,266.5,Local,1500.0,4200.0,2850.0
24/08/2024,377.5,Local,1500.0,4300.0,2900.0
26/08/2024,205.5,Local,2000.0,4200.0,3100.0
27/08/2024,105.4,Local,1500.0,4300.0,2900.0
28/08/2024,320.7,Local,1500.0,4300.0,2900.0
29/08/2024,118.8,Local,1500.0,4400.0,2950.0
30/08/2024,295.0,Local,1500.0,4300.0,2900.0
31/08/2024,350.3,Local,1400.0,4000.0,2700.0
Market Name : Satana APMC
01/08/2024,852.5,Other,1000.0,2825.0,2680.0
05/08/2024,771.0,Other,800.0,2900.0,2775.0
26/08/2024,880.5,Other,1200.0,3900.0,3720.0
27/08/2024,930.0,Other,1000.0,3900.0,3675.0
Market Name : Satara APMC
01/08/2024,13.6,Other,2500.0,3000.0,2750.0
03/08/2024,28.1,Other,2500.0,3000.0,2750.0
04/08/2024,30.1,Other,2000.0,3000.0,2500.0
05/08/2024,6.7,Other,2000.0,3000.0,2500.0
06/08/2024,18.8,Other,2500.0,3000.0,2750.0
08/08/2024,25.1,Other,2500.0,3000.0,2750.0
10/08/2024,14.7,Other,1500.0,3000.0,2250.0
11/08/2024,12.8,Other,1000.0,3200.0,2100.0
12/08/2024,4.4,Other,2000.0,3200.0,2600.0
13/08/2024,23.9,Other,1500.0,3200.0,2350.0
14/08/2024,17.0,Other,1000.0,3200.0,2100.0
18/08/2024,0.9,Other,1500.0,3200.0,2350.0
20/08/2024,2.7,Other,1000.0,3200.0,2100.0
21/08/2024,5.3,Other,1000.0,3200.0,2100.0
22/08/2024,17.7,Other,1500.0,4200.0,2850.0
24/08/2024,12.6,Other,2000.0,4200.0,3100.0
25/08/2024,25.5,Other,2000.0,4200.0,3100.0
26/08/2024,20.3,Other,2000.0,4000.0,3000.0
27/08/2024,4.6,Other,2000.0,4000.0,3000.0
28/08/2024,4.6,Other,2000.0,4000.0,3000.0
29/08/2024,19.5,Other,2000.0,4000.0,3000.0
31/08/2024,18.7,Other,2000.0,4000.0,3000.0
Market Name : Shevgaon APMC
01/08/2024,327.399999,Other,500.0,1700.0,1450.0
,,2nd Sort,1800.0,2300.0,2050.0
,,1st Sort,2400.0,3000.0,2550.0
03/08/2024,192.999999,Other,500.0,1600.0,1250.0
,,2nd Sort,1800.0,2200.0,1950.0
,,1st Sort,2300.0,2800.0,2450.0
05/08/2024,225.500001,Other,700.0,1700.0,1250.0
,,2nd Sort,1800.0,2300.0,1950.0
,,1st Sort,2400.0,3000.0,2450.0
08/08/2024,181.29999899999999,Other,800.0,1700.0,1200.0
,,1st Sort,2400.0,3100.0,2850.0
,,2nd Sort,1800.0,2300.0,1950.0
10/08/2024,211.599999,2nd Sort,2200.0,2600.0,2450.0
,,Other,1500.0,2100.0,1650.0
,,1st Sort,2700.0,3600.0,2850.0
12/08/2024,246.500001,1st Sort,3100.0,3800.0,3200.0
,,Other,1500.0,2300.0,1950.0
,,2nd Sort,2400.0,3000.0,2550.0
15/08/2024,198.800001,Other,1000.0,2000.0,1650.0
,,1st Sort,3000.0,3700.0,3350.0
,,2nd Sort,2200.0,2800.0,2550.0
17/08/2024,189.999999,1st Sort,3000.0,3600.0,3200.0
,,Other,1000.0,2300.0,2150.0
,,2nd Sort,2400.0,2800.0,2650.0
19/08/2024,159.999999,1st Sort,3000.0,3600.0,3350.0
,,2nd Sort,2300.0,2800.0,2450.0
,,Other,1000.0,2000.0,1750.0
22/08/2024,219.999999,1st Sort,3500.0,4700.0,3900.0
,,Other,1500.0,2400.0,1850.0
,,2nd Sort,2500.0,3000.0,2750.0
24/08/2024,199.10000100000002,1st Sort,3500.0,4400.0,3750.0
,,Other,1200.0,2400.0,1850.0
,,2nd Sort,2500.0,3400.0,2950.0
26/08/2024,155.39999999999998,1st Sort,3000.0,4400.0,3700.0
,,2nd Sort,2400.0,2900.0,2650.0
,,Other,1000.0,2300.0,2100.0
29/08/2024,195.0,Other,1000.0,2300.0,1950.0
,,2nd Sort,2400.0,2800.0,2550.0
,,1st Sort,3000.0,4100.0,3650.0
31/08/2024,120.0,1st Sort,2800.0,3800.0,3350.0
,,2nd Sort,1800.0,2600.0,2150.0
,,Other,800.0,1600.0,1250.0
Market Name : Shirpur APMC
03/08/2024,25.3,Red,825.0,3100.0,2375.0
07/08/2024,18.4,Red,700.0,3100.0,2250.0
10/08/2024,11.6,Red,575.0,3425.0,2600.0
24/08/2024,22.7,Red,900.0,4275.0,3225.0
28/08/2024,10.6,Red,1525.0,4300.0,3300.0
31/08/2024,20.5,Red,1500.0,4250.0,3325.0
Market Name : Shirur APMC
16/08/2024,218.4,Other,1000.0,3700.0,3200.0
20/08/2024,56.8,Other,1000.0,4100.0,3300.0
23/08/2024,374.6,Other,1000.0,4500.0,3800.0
Market Name : Shivsiddha Govind Producer Company Limited Sanchal APMC
01/08/2024,967.89,Local,2715.0,3015.0,2810.0
05/08/2024,645.15,Local,2700.0,3100.0,2925.0
06/08/2024,762.34,Local,2800.0,3300.0,3050.0
07/08/2024,958.28,Local,2850.0,3400.0,3100.0
10/08/2024,812.86,Local,3000.0,3550.0,3300.0
12/08/2024,1962.02,Local,3200.0,3805.0,3450.0
17/08/2024,835.85,Local,3100.0,3705.0,3275.0
21/08/2024,1088.74,Local,3400.0,4150.0,3700.0
22/08/2024,1659.16,Local,3400.0,4105.0,3750.0
23/08/2024,246.23,Local,3500.0,4000.0,3800.0
24/08/2024,1271.31,Local,3500.0,4050.0,3700.0
26/08/2024,919.6,Local,3700.0,4300.0,4000.0
27/08/2024,780.59,Local,3650.0,4110.0,3700.0
28/08/2024,1202.23,Local,3400.0,4100.0,3650.0
29/08/2024,1143.39,Local,3100.0,3855.0,3450.0
Market Name : Shree Rameshwar Krushi Market  APMC
01/08/2024,1233.66,Other,900.0,2900.0,2532.93
02/08/2024,1152.39,Other,700.0,2912.0,2553.65
05/08/2024,789.53,Other,680.0,3051.0,2712.99
07/08/2024,1415.73,Other,1000.0,3435.0,3043.78
08/08/2024,1909.29,Other,1000.0,3300.0,2979.15
09/08/2024,1434.03,Other,500.0,3500.0,3120.71
14/08/2024,2060.46,Other,500.0,3500.0,3061.11
16/08/2024,992.51,Other,200.0,3434.0,3062.17
21/08/2024,1264.01,Other,751.0,3900.0,3603.08
23/08/2024,1828.2,Other,1000.0,4100.0,3703.74
26/08/2024,1260.31,Other,800.0,4100.0,3596.82
27/08/2024,1059.58,Other,1200.0,4141.0,3717.12
29/08/2024,1286.71,Other,800.0,3814.0,3331.58
Market Name : Shree Sairaj Krushi Market APMC
03/08/2024,45.52,Local,1000.0,3000.0,2000.0
05/08/2024,44.85,Local,1000.0,3100.0,2050.0
07/08/2024,46.26,Local,1500.0,3100.0,2300.0
10/08/2024,51.7,Local,1900.0,3500.0,2700.0
12/08/2024,71.27,Local,2000.0,3800.0,2900.0
21/08/2024,34.52,Local,1900.0,3800.0,2850.0
31/08/2024,54.26,Local,1500.0,3900.0,2700.0
Market Name : Shrirampur APMC
01/08/2024,71.7,Other,1400.0,2730.0,2550.0
02/08/2024,1090.1,Other,1000.0,3000.0,2350.0
05/08/2024,1275.2,Other,1000.0,3000.0,2350.0
07/08/2024,718.6,Other,1300.0,3200.0,2650.0
08/08/2024,62.8,Other,2390.0,3200.0,2850.0
09/08/2024,1016.7,Other,1700.0,3550.0,2950.0
26/08/2024,908.2,Other,2000.0,4300.0,3650.0
27/08/2024,40.3,Other,2000.0,3900.0,3550.0
28/08/2024,507.4,Other,2000.0,4200.0,3650.0
29/08/2024,49.1,Other,2000.0,3780.0,3500.0
Market Name : Sinner APMC
01/08/2024,90.1,Other,1000.0,2761.0,2700.0
02/08/2024,136.6,Other,1500.0,2950.0,2700.0
05/08/2024,77.1,Other,2000.0,3380.0,2850.0
06/08/2024,84.4,Other,2000.0,3056.0,2925.0
07/08/2024,97.7,Other,2000.0,3006.0,2950.0
08/08/2024,71.6,Other,500.0,3182.0,3100.0
09/08/2024,51.1,Other,2100.0,3267.0,3150.0
13/08/2024,71.6,Other,2300.0,4400.0,3400.0
16/08/2024,143.0,Other,1500.0,3301.0,3155.0
19/08/2024,28.0,Other,2000.0,3275.0,3200.0
20/08/2024,33.0,Other,2500.0,3610.0,3500.0
21/08/2024,90.0,Other,2500.0,3941.0,3860.0
22/08/2024,135.5,Other,2400.0,3980.0,3810.0
23/08/2024,135.4,Other,2000.0,4000.0,3760.0
26/08/2024,99.0,Other,2000.0,3865.0,3760.0
27/08/2024,51.7,Other,1500.0,3850.0,3775.0
28/08/2024,78.3,Other,1500.0,4000.0,3730.0
29/08/2024,100.4,Other,1500.0,3600.0,3420.0
30/08/2024,99.0,Other,1500.0,3851.0,3480.0
Market Name : Solapur APMC
01/08/2024,1493.9,Red,300.0,3150.0,2400.0
02/08/2024,1377.6,Red,300.0,3000.0,2400.0
03/08/2024,1451.1,Red,400.0,3100.0,2450.0
05/08/2024,1232.0,Red,300.0,3150.0,2400.0
06/08/2024,1355.7,Red,300.0,3200.0,2400.0
07/08/2024,1374.7,Red,300.0,3300.0,2400.0
08/08/2024,1458.6,Red,500.0,3300.0,2450.0
09/08/2024,1318.0,Red,500.0,3300.0,2500.0
10/08/2024,1391.4,Red,500.0,3700.0,2700.0
12/08/2024,1845.3,Red,1000.0,4000.0,3000.0
13/08/2024,1575.9,Red,500.0,4000.0,3000.0
14/08/2024,2133.6,Red,500.0,4000.0,3000.0
16/08/2024,1574.9,Red,500.0,4000.0,3000.0
17/08/2024,1843.7,Red,500.0,4000.0,3000.0
19/08/2024,830.5,Red,500.0,4100.0,3200.0
20/08/2024,854.2,Red,700.0,4000.0,3200.0
21/08/2024,847.9,Red,700.0,4500.0,3400.0
22/08/2024,1586.1,Red,1000.0,5000.0,3800.0
23/08/2024,1929.8,Red,1000.0,5000.0,3900.0
24/08/2024,2006.0,Red,1000.0,5000.0,3700.0
26/08/2024,1247.5,Red,700.0,4500.0,3500.0
27/08/2024,631.4,Red,800.0,4500.0,3500.0
28/08/2024,1457.2,Red,1000.0,4500.0,3700.0
29/08/2024,1288.3,Red,1000.0,4400.0,3700.0
30/08/2024,1430.1,Red,700.0,4200.0,3300.0
31/08/2024,1572.4,Red,500.0,4000.0,3200.0
Market Name : Umrane APMC
01/08/2024,1170.0,Other,1100.0,2860.0,2650.0
05/08/2024,1150.0,Other,1000.0,2971.0,2700.0
06/08/2024,1250.0,Other,1100.0,3100.0,2850.0
07/08/2024,1450.0,Red,1000.0,3201.0,2850.0
08/08/2024,950.0,Red,1000.0,3161.0,2800.0
09/08/2024,1260.0,Other,1500.0,3400.0,3000.0
12/08/2024,2150.0,Other,1500.0,3600.0,3250.0
20/08/2024,1250.0,Other,1500.0,3611.0,3200.0
22/08/2024,1850.0,Other,1500.0,3851.0,3600.0
23/08/2024,2050.0,Other,1500.0,3900.0,3700.0
28/08/2024,1250.0,Other,1500.0,3871.0,3650.0
29/08/2024,1050.0,Other,1500.0,3661.0,3250.0
Market Name : Vadgaonpeth APMC
01/08/2024,21.0,Local,2400.0,3300.0,2700.0
02/08/2024,15.0,Local,2400.0,3200.0,2800.0
03/08/2024,12.0,Local,2600.0,3200.0,2800.0
04/08/2024,17.5,Local,2600.0,3200.0,2800.0
07/08/2024,15.0,Local,2400.0,3300.0,2700.0
08/08/2024,22.0,Local,2600.0,3200.0,2800.0
09/08/2024,6.5,Local,2800.0,3200.0,2900.0
10/08/2024,7.0,Local,3000.0,3300.0,3200.0
11/08/2024,26.0,Local,2400.0,3500.0,3200.0
14/08/2024,15.5,Local,2600.0,3200.0,2800.0
17/08/2024,8.0,Local,2700.0,3200.0,3000.0
20/08/2024,13.0,Local,2900.0,3500.0,3300.0
21/08/2024,21.0,Local,2900.0,3200.0,3000.0
22/08/2024,15.0,Local,3300.0,4000.0,3600.0
23/08/2024,33.0,Local,2900.0,4000.0,3500.0
24/08/2024,15.0,Local,3500.0,4200.0,3800.0
25/08/2024,9.0,Local,3500.0,4000.0,3800.0
26/08/2024,12.0,Local,3500.0,4200.0,4000.0
27/08/2024,11.0,Local,3700.0,4200.0,3800.0
30/08/2024,13.0,Local,4000.0,4600.0,4200.0
31/08/2024,13.0,Local,3800.0,4500.0,4000.0
Market Name : Vai APMC
01/08/2024,1.5,Local,1500.0,3000.0,2500.0
02/08/2024,1.5,Local,1500.0,3000.0,2500.0
05/08/2024,7.0,Local,1500.0,3000.0,2500.0
06/08/2024,1.5,Local,1500.0,3000.0,2500.0
08/08/2024,2.0,Local,1000.0,3000.0,2500.0
11/08/2024,2.0,Local,1000.0,3000.0,2400.0
14/08/2024,1.8,Local,1500.0,3200.0,2500.0
20/08/2024,1.1,Local,2000.0,3500.0,3000.0
23/08/2024,1.5,Local,2000.0,4000.0,3200.0
26/08/2024,7.0,Local,3000.0,4500.0,3800.0
27/08/2024,1.5,Local,2000.0,4500.0,3800.0
28/08/2024,2.0,Local,2000.0,4500.0,3600.0
29/08/2024,1.0,Local,2000.0,4500.0,3600.0
31/08/2024,1.0,Local,2500.0,4500.0,3500.0
Market Name : Vaijpur APMC
01/08/2024,545.7,Other,1000.0,2800.0,2600.0
02/08/2024,634.9,Other,1000.0,2750.0,2550.0
03/08/2024,542.4,Other,1000.0,2900.0,2600.0
04/08/2024,610.2,Other,1000.0,2750.0,2600.0
05/08/2024,70.5,Other,1000.0,3000.0,2450.0
06/08/2024,740.4,Other,1000.0,2990.0,2700.0
07/08/2024,724.3,Other,1000.0,3100.0,2800.0
09/08/2024,478.6,Other,1000.0,3200.0,3000.0
10/08/2024,573.6,Other,1000.0,3500.0,3100.0
11/08/2024,754.2,Other,1000.0,3620.0,3400.0
12/08/2024,63.2,Other,1000.0,3600.0,3000.0
22/08/2024,558.1,Other,1000.0,4050.0,3700.0
23/08/2024,466.8,Other,1000.0,4056.0,3800.0
24/08/2024,450.2,Other,1000.0,3920.0,3750.0
26/08/2024,49.0,Other,1000.0,4000.0,3350.0
27/08/2024,505.1,Other,1000.0,4006.0,3800.0
30/08/2024,404.6,Other,1000.0,3820.0,3500.0
31/08/2024,240.7,Other,1000.0,4000.0,3800.0
Market Name : Vashi New Mumbai APMC
01/08/2024,820.5,Other,2400.0,2900.0,2650.0
02/08/2024,1074.1,Other,2400.0,2900.0,2650.0
03/08/2024,1074.1,Other,2400.0,3000.0,2700.0
05/08/2024,743.7,Other,2400.0,3000.0,2700.0
06/08/2024,761.5,Other,2400.0,2900.0,2650.0
07/08/2024,700.5,Other,2500.0,3100.0,2800.0
08/08/2024,705.9,Other,2600.0,3200.0,2900.0
09/08/2024,1073.9,Other,2500.0,3100.0,2800.0
10/08/2024,727.2,Other,2800.0,3300.0,3050.0
12/08/2024,1459.2,Other,3000.0,3600.0,3300.0
13/08/2024,987.1,Other,2900.0,3500.0,3200.0
14/08/2024,1225.6,Other,2900.0,3500.0,3200.0
16/08/2024,1599.0,Other,2800.0,3400.0,3100.0
20/08/2024,975.7,Other,2800.0,3500.0,3150.0
21/08/2024,714.5,Other,2900.0,3600.0,3250.0
22/08/2024,814.5,Other,3300.0,4000.0,3650.0
23/08/2024,1318.4,Other,3400.0,4100.0,3750.0
24/08/2024,1315.3,Other,3400.0,4000.0,3700.0
26/08/2024,1362.1,Other,3300.0,3900.0,3600.0
28/08/2024,1024.5,Other,3300.0,4000.0,3650.0
29/08/2024,875.2,Other,3400.0,4000.0,3700.0
30/08/2024,1187.2,Other,3200.0,3900.0,3550.0
31/08/2024,1159.7,Other,3200.0,3900.0,3550.0
Market Name : Vita APMC
01/08/2024,5.0,Other,2500.0,3000.0,2750.0
03/08/2024,4.0,Other,2500.0,3000.0,2750.0
05/08/2024,4.0,Other,2500.0,3000.0,2750.0
10/08/2024,5.0,Other,2800.0,3300.0,2950.0
22/08/2024,4.0,Other,3500.0,4000.0,3750.0
26/08/2024,4.0,Other,3500.0,4000.0,3750.0
29/08/2024,4.0,Other,3500.0,4500.0,4000.0
31/08/2024,4.0,Other,3500.0,4200.0,3750.0
Market Name : Yeola APMC
01/08/2024,495.0,Other,900.0,2697.0,2550.0
02/08/2024,576.2,Other,1100.0,2700.0,2550.0
03/08/2024,450.7,Other,800.0,2728.0,2600.0
05/08/2024,600.8,Other,701.0,2837.0,2675.0
07/08/2024,583.6,Other,1000.0,3148.0,2950.0
08/08/2024,704.3,Other,1000.0,3251.0,3100.0
10/08/2024,604.8,Other,1400.0,3450.0,3275.0
12/08/2024,900.0,Other,1500.0,3515.0,3350.0
14/08/2024,700.0,Other,800.0,3400.0,3150.0
16/08/2024,600.0,Other,900.0,3341.0,3100.0
17/08/2024,400.0,Other,550.0,3351.0,3100.0
21/08/2024,450.0,Other,1200.0,3830.0,3500.0
22/08/2024,285.4,Other,1100.0,3900.0,3700.0
23/08/2024,659.6,Other,1300.0,3886.0,3650.0
24/08/2024,477.7,Other,800.0,3850.0,3550.0
26/08/2024,500.0,Other,700.0,3851.0,3600.0
28/08/2024,424.7,Other,1200.0,3846.0,3600.0
29/08/2024,424.2,Other,800.0,3740.0,3500.0
30/08/2024,357.4,Other,800.0,3570.0,3250.0
31/08/2024,350.0,Other,900.0,3666.0,3400.0
